;;;;;;;;;;;;;;;;;;
;;;;;;;;;;;;;;;;;;
;Austria;Belgium;Cyprus;Germany;Spain;Finland;France;Greece;Ireland;Italy;Lithuania;Luxembourg;Latvia;Malta;Netherlands;Portugal;Slovenia;Slovakia
Collection:;;;;;;;;;;;;;;;;;;
Period\Unit:;;;;;;;;;;;;;;;;;;
2020Oct;-0.40;-0.34;0.44;-0.61;0.17;-0.38;-0.30;0.90;-0.22;0.77;0.16;-0.54;-0.23;0.38;-0.53;0.18;-0.13;-0.35
2020Sep;-0.32;-0.25;0.72;-0.52;0.27;-0.30;-0.21;1.08;-0.13;0.98;0.16;-0.50;-0.20;0.51;-0.44;0.32;-0.08;-0.27
2020Aug;-0.28;-0.21;0.89;-0.52;0.29;-0.25;-0.17;1.08;-0.12;1.03;0.16;-0.45;-0.19;0.54;-0.41;0.35;-0.10;-0.22
2020Jul;-0.25;-0.17;0.95;-0.52;0.37;-0.21;-0.15;1.14;-0.05;1.20;0.16;-0.43;-0.17;0.64;-0.39;0.40;0.09;-0.16
2020Jun;-0.13;-0.04;1.05;-0.43;0.51;-0.18;-0.04;1.32;0.08;1.46;0.17;-0.34;0.01;0.76;-0.29;0.53;0.42;0.04
2020May;-0.10;0.04;1.69;-0.52;0.74;-0.12;-0.03;1.93;0.11;1.76;0.31;-0.32;0.26;0.70;-0.31;0.81;0.74;0.56
2020Apr;0.05;0.14;1.87;-0.45;0.82;0.03;0.06;2.05;0.20;1.80;0.31;-0.25;0.30;0.57;-0.22;0.97;0.27;0.69
2020Mar;-0.09;-0.02;1.26;-0.54;0.52;-0.12;-0.06;1.97;0.07;1.55;0.31;-0.36;-0.06;0.40;-0.33;0.71;0.02;0.04
2020Feb;-0.26;-0.13;0.56;-0.47;0.27;-0.23;-0.18;1.07;-0.13;0.95;0.31;-0.43;-0.04;0.26;-0.34;0.25;0.04;-0.00
2020Jan;-0.09;-0.03;0.61;-0.31;0.42;-0.07;-0.01;1.34;0.00;1.27;0.31;-0.25;0.11;0.38;-0.17;0.37;0.09;0.13
2019Dec;-0.04;0.01;0.57;-0.30;0.43;-0.04;0.04;1.42;0.04;1.37;0.31;-0.23;0.16;0.40;-0.14;0.41;0.02;0.13
2019Nov;-0.09;-0.04;0.58;-0.35;0.39;-0.08;-0.02;1.36;0.07;1.27;0.31;-0.27;0.10;0.37;-0.19;0.35;-0.01;0.09
2019Oct;-0.20;-0.16;0.51;-0.47;0.20;-0.21;-0.16;1.34;0.02;1.00;0.31;-0.40;0.00;0.26;-0.31;0.19;-0.09;-0.20
2019Sep;-0.30;-0.24;0.48;-0.59;0.18;-0.30;-0.28;1.50;-0.01;0.90;0.31;-0.50;-0.11;0.19;-0.43;0.20;-0.16;-0.34
2019Aug;-0.37;-0.28;0.44;-0.65;0.14;-0.35;-0.34;1.98;-0.05;1.40;0.31;-0.54;-0.07;0.21;-0.50;0.17;-0.06;-0.34
2019Jul;-0.10;0.00;0.66;-0.39;0.35;-0.09;-0.07;2.16;0.13;1.65;0.31;-0.28;0.15;0.52;-0.21;0.44;-0.01;0.02
2019Jun;0.03;0.15;0.82;-0.31;0.50;0.05;0.08;2.67;0.27;2.28;0.31;-0.16;0.33;0.72;-0.09;0.59;0.19;0.25
2019May;0.24;0.41;1.34;-0.13;0.87;0.25;0.30;3.37;0.50;2.64;0.31;0.02;0.51;0.95;0.11;1.02;0.38;0.45
2019Apr;0.31;0.47;1.49;-0.04;1.05;0.34;0.37;3.42;0.56;2.62;0.31;0.11;0.58;1.00;0.20;1.18;0.52;0.57
2019Mar;0.38;0.54;1.74;0.01;1.13;0.35;0.44;3.76;0.67;2.69;0.31;0.17;0.70;1.03;0.15;1.32;0.67;0.68
2019Feb;0.45;0.69;2.00;0.06;1.31;0.39;0.55;3.84;0.86;2.81;0.31;0.26;0.81;1.17;0.24;1.55;0.87;0.78
2019Jan;0.45;0.77;2.22;0.13;1.38;0.49;0.65;4.21;0.94;2.77;0.31;0.37;0.95;1.25;0.33;1.67;0.98;0.88
2018Dec;0.52;0.75;2.34;0.19;1.42;0.55;0.70;4.28;0.91;2.98;0.31;0.42;1.05;1.39;0.40;1.71;0.96;0.94
2018Nov;0.62;0.81;2.41;0.31;1.59;0.66;0.76;4.42;0.98;3.39;0.31;0.50;1.05;1.54;0.52;1.91;1.01;1.01
2018Oct;0.69;0.85;2.35;0.40;1.59;0.73;0.82;4.37;1.01;3.47;0.31;0.56;1.01;1.56;0.58;1.96;0.92;1.07
2018Sep;0.67;0.77;2.01;0.37;1.46;0.66;0.77;4.17;0.93;2.96;0.31;0.51;0.94;1.52;0.55;1.88;0.75;0.98
2018Aug;0.60;0.71;2.22;0.29;1.40;0.56;0.70;4.18;0.86;3.16;0.31;0.47;0.95;1.46;0.47;1.82;0.77;0.92
2018Jul;0.60;0.68;2.08;0.28;1.32;0.53;0.67;3.88;0.83;2.64;0.31;0.47;1.06;1.34;0.47;1.76;0.79;0.94
2018Jun;0.71;0.79;2.61;0.33;1.37;0.63;0.75;4.39;0.92;2.74;0.31;0.54;0.93;1.37;0.56;1.87;0.99;1.01
2018May;0.76;0.83;2.52;0.45;1.39;0.70;0.78;4.29;0.98;2.18;0.31;0.61;0.86;1.32;0.67;1.84;0.96;0.75
2018Apr;0.76;0.81;2.12;0.48;1.21;0.69;0.78;4.04;0.94;1.77;0.31;0.62;0.80;1.24;0.69;1.66;0.89;0.75
2018Mar;0.81;0.87;1.83;0.53;1.33;0.72;0.84;4.27;1.01;1.97;0.31;0.68;0.83;1.23;0.63;1.79;1.11;0.80
2018Feb;0.84;0.97;1.93;0.66;1.51;0.84;0.98;4.14;1.13;2.08;0.31;0.78;0.75;1.38;0.76;2.03;1.14;0.77
2018Jan;0.67;0.70;1.68;0.47;1.47;0.68;0.86;3.79;0.91;1.98;0.31;0.63;0.60;1.29;0.61;1.85;0.88;0.69
2017Dec;0.50;0.53;1.58;0.30;1.44;0.51;0.67;4.44;0.54;1.79;0.31;0.48;0.59;1.07;0.45;1.83;0.69;0.67
2017Nov;0.51;0.58;1.54;0.31;1.49;0.52;0.72;5.22;0.58;1.79;0.31;0.50;0.69;1.13;0.47;1.98;0.81;0.76
2017Oct;0.61;0.69;1.84;0.37;1.60;0.60;0.81;5.59;0.66;2.07;0.31;0.57;0.71;1.24;0.54;2.32;0.97;0.83
2017Sep;0.59;0.70;2.20;0.35;1.54;0.58;0.70;5.56;0.70;2.11;0.31;0.55;0.72;1.26;0.53;2.63;0.98;0.82
2017Aug;0.61;0.73;2.49;0.35;1.48;0.65;0.71;5.55;0.73;2.11;0.31;0.57;0.85;1.23;0.54;2.83;1.09;0.83
2017Jul;0.73;0.83;2.57;0.46;1.60;0.76;0.84;5.33;0.87;2.23;0.31;0.69;0.98;1.36;0.69;3.02;1.15;0.93
2017Jun;0.55;0.62;2.84;0.25;1.45;0.56;0.66;5.76;0.70;2.05;0.31;0.52;0.85;1.25;0.50;2.97;0.86;0.86
2017May;0.65;0.77;3.03;0.34;1.57;0.49;0.81;5.86;0.83;2.19;0.31;0.57;0.88;1.37;0.59;3.29;0.98;1.03
2017Apr;0.49;0.78;3.23;0.22;1.61;0.38;0.88;6.70;0.91;2.26;0.31;0.49;0.92;1.43;0.50;3.77;1.00;1.06
2017Mar;0.59;0.87;3.34;0.35;1.72;0.51;1.02;7.17;1.05;2.40;0.31;0.60;0.94;1.55;0.48;3.99;0.99;1.09
2017Feb;0.59;0.87;3.37;0.26;1.70;0.52;1.03;7.52;1.06;2.35;0.31;0.55;0.99;1.32;0.49;4.04;1.01;1.09
2017Jan;0.57;0.70;3.45;0.25;1.46;0.50;0.86;7.04;0.99;1.99;0.31;0.43;0.89;1.17;0.48;3.95;0.99;1.03
2016Dec;0.53;0.61;3.55;0.25;1.44;0.46;0.75;6.94;0.84;1.89;0.31;0.39;0.90;0.82;0.44;3.74;0.96;1.01
2016Nov;0.49;0.57;3.47;0.19;1.43;0.41;0.67;7.33;0.85;1.94;0.31;0.28;0.56;0.84;0.39;3.51;0.89;0.72
2016Oct;0.24;0.27;3.39;0.00;1.07;0.17;0.33;8.33;0.50;1.45;0.31;0.07;0.19;0.59;0.16;3.33;0.62;0.42
2016Sep;0.15;0.18;3.62;-0.09;1.04;0.08;0.18;8.34;0.42;1.27;0.79;-0.03;0.10;0.60;0.06;3.26;0.75;0.32
2016Aug;0.11;0.15;3.84;-0.13;1.01;0.06;0.15;8.19;0.40;1.18;0.86;-0.05;0.12;0.61;0.03;2.91;0.80;0.30
2016Jul;0.16;0.20;3.87;-0.15;1.17;0.12;0.17;7.99;0.47;1.23;0.86;-0.00;0.30;0.76;0.06;3.06;0.95;0.49
2016Jun;0.33;0.43;3.82;-0.02;1.48;0.33;0.39;7.92;0.76;1.45;0.86;0.17;0.48;0.95;0.25;3.20;1.36;0.77
2016May;0.37;0.55;3.89;0.13;1.57;0.45;0.51;7.64;0.84;1.53;0.86;0.33;0.51;1.02;0.38;3.15;1.41;0.41
2016Apr;0.38;0.55;3.99;0.13;1.53;0.46;0.51;9.03;0.86;1.44;1.31;0.34;0.61;1.00;0.40;3.13;1.37;0.38
2016Mar;0.46;0.62;4.01;0.17;1.54;0.53;0.51;9.12;0.85;1.38;1.42;0.41;0.71;1.03;0.32;2.84;1.48;0.43
2016Feb;0.53;0.72;4.00;0.17;1.72;0.53;0.59;10.41;0.99;1.56;1.42;0.43;0.88;1.16;0.37;3.23;1.59;0.56
2016Jan;0.77;0.86;3.82;0.43;1.72;0.78;0.84;9.08;1.05;1.53;1.47;0.72;1.05;1.25;0.65;2.71;1.61;0.71
2015Dec;0.86;0.89;3.87;0.55;1.69;0.86;0.93;8.21;1.11;1.58;1.49;0.27;1.08;1.29;0.75;2.49;1.61;0.72
2015Nov;0.82;0.84;4.00;0.52;1.72;0.81;0.88;7.41;1.10;1.57;1.57;0.25;1.19;1.29;0.72;2.57;1.66;0.71
2015Oct;0.83;0.85;3.64;0.52;1.73;0.81;0.87;7.81;1.14;1.70;1.64;0.31;1.07;1.37;0.72;2.41;1.80;0.75
2015Sep;0.97;1.01;3.70;0.65;2.02;0.90;1.00;8.54;1.31;1.92;1.64;0.43;1.03;1.61;0.87;2.59;2.05;0.89
2015Aug;0.96;1.00;3.69;0.61;1.96;0.82;1.01;10.26;1.29;1.84;1.64;0.45;0.96;1.57;0.85;2.52;2.07;0.99
2015Jul;1.08;1.15;3.69;0.71;2.10;0.95;1.11;-;1.47;2.04;1.64;0.56;1.25;1.78;0.99;2.74;2.43;1.25
2015Jun;1.06;1.21;3.89;0.79;2.22;1.01;1.20;11.43;1.65;2.20;1.41;0.65;1.28;1.79;1.05;2.93;2.13;1.15
2015May;0.73;0.86;3.96;0.56;1.78;0.72;0.89;10.95;1.25;1.81;0.99;0.42;0.84;1.50;0.75;2.41;1.59;0.92
2015Apr;0.29;0.42;6.00;0.12;1.31;0.27;0.44;12.00;0.73;1.36;0.58;0.06;0.42;1.15;0.31;1.87;1.06;0.96
2015Mar;0.37;0.49;6.00;0.23;1.23;0.39;0.51;10.52;0.80;1.29;1.11;0.16;0.56;1.31;0.33;1.74;0.99;0.52
2015Feb;0.44;0.63;6.00;0.30;1.52;0.48;0.60;9.72;1.12;1.56;1.20;0.40;0.78;1.50;0.42;2.32;1.32;0.66
2015Jan;0.54;0.73;6.00;0.39;1.54;0.62;0.67;9.48;1.22;1.70;1.66;0.47;1.10;1.69;0.52;2.49;1.75;1.10
2014Dec;0.81;0.91;6.00;0.59;1.78;0.89;0.92;8.42;1.31;1.99;1.90;0.65;1.63;1.94;0.78;2.81;2.11;1.23
2014Nov;0.98;1.07;6.00;0.72;2.07;0.90;1.14;8.10;1.58;2.29;2.17;0.75;1.77;2.11;0.93;3.13;2.54;1.38
2014Oct;1.10;1.18;6.00;0.79;2.12;1.01;1.26;7.26;1.74;2.42;2.27;0.87;2.18;2.18;1.03;3.21;2.63;1.39
2014Sep;1.22;1.30;6.00;0.92;2.19;1.13;1.35;5.89;1.75;2.40;2.42;0.98;2.28;2.32;1.15;3.18;2.66;1.57
2014Aug;1.28;1.40;6.00;0.95;2.41;1.18;1.41;6.09;2.02;2.63;2.61;1.08;2.35;2.49;1.20;3.47;3.09;1.81
2014Jul;1.47;1.61;6.00;1.11;2.67;1.36;1.56;6.10;2.28;2.79;2.90;1.26;2.40;2.66;1.41;3.69;3.16;2.07
2014Jun;1.65;1.83;6.00;1.26;2.71;1.57;1.71;5.93;2.44;2.92;2.92;1.44;2.53;2.90;1.60;3.50;3.13;2.73
2014May;1.62;1.99;6.00;1.33;2.93;1.69;1.84;6.38;2.71;3.12;2.98;1.57;2.74;2.78;1.71;3.66;3.39;2.73
2014Apr;1.77;2.16;6.00;1.46;3.10;1.84;2.03;6.20;2.90;3.23;3.26;1.71;2.80;2.93;1.85;3.82;3.52;2.47
2014Mar;1.87;2.26;6.00;1.51;3.31;1.91;2.15;6.90;3.05;3.40;3.33;1.80;2.87;3.02;1.81;4.43;3.85;2.47
2014Feb;1.95;2.40;6.00;1.56;3.56;1.92;2.25;7.70;3.24;3.65;3.33;1.87;3.07;2.96;1.89;4.93;4.43;2.48
2014Jan;2.13;2.45;6.00;1.76;3.79;1.99;2.38;8.18;3.39;3.87;3.42;2.06;3.48;3.05;2.10;5.21;4.73;2.53
2013Dec;2.17;2.43;6.00;1.80;4.13;2.03;2.33;8.66;3.48;4.11;3.69;2.10;3.62;3.19;2.16;6.04;5.27;2.69
2013Nov;2.08;2.42;6.00;1.68;4.10;1.94;2.27;8.41;3.53;4.09;3.99;2.01;3.71;3.18;2.06;5.98;5.91;3.15
2013Oct;2.19;2.57;6.00;1.76;4.22;2.04;2.39;8.74;3.65;4.25;4.01;2.14;3.78;3.25;2.18;6.33;6.47;3.15
2013Sep;2.34;2.75;6.00;1.89;4.42;2.19;2.49;10.15;3.95;4.54;3.89;2.27;3.45;3.28;2.32;7.06;6.56;3.15
2013Aug;2.22;2.65;6.00;1.73;4.50;2.07;2.36;10.01;3.92;4.42;3.65;2.20;3.25;3.23;2.20;6.60;6.51;3.15
2013Jul;2.06;2.54;6.00;1.56;4.67;1.91;2.25;10.53;3.88;4.42;3.54;2.02;3.25;3.21;2.03;6.87;6.58;3.15
2013Jun;2.04;2.44;7.00;1.53;4.67;1.88;2.21;10.07;4.02;4.38;3.54;1.75;3.17;3.35;2.00;6.30;6.38;2.45
2013May;1.75;2.06;7.00;1.29;4.25;1.60;1.87;9.07;3.48;3.96;3.54;1.47;3.10;3.31;1.69;5.46;5.35;2.52
2013Apr;1.64;2.04;7.00;1.20;4.59;1.51;1.80;11.58;3.78;4.28;3.95;1.41;3.15;3.37;1.66;6.15;5.93;3.01
2013Mar;1.75;2.25;7.00;1.35;4.92;1.61;2.07;11.38;3.83;4.64;4.15;1.54;3.17;3.56;1.67;6.10;5.09;3.95
2013Feb;1.96;2.46;7.00;1.54;5.22;1.81;2.24;10.95;3.78;4.49;4.06;1.69;3.22;3.69;1.83;6.40;4.88;3.95
2013Jan;1.92;2.31;7.00;1.51;5.05;1.75;2.17;11.10;4.18;4.21;3.97;1.60;3.21;3.73;1.74;6.24;4.81;3.93
2012Dec;1.77;2.10;7.00;1.30;5.34;1.60;2.01;13.33;4.67;4.54;4.00;1.43;3.24;3.88;1.56;7.25;5.33;3.92
2012Nov;1.85;2.29;7.00;1.34;5.69;1.67;2.14;17.20;4.59;4.85;4.11;1.52;3.32;3.95;1.65;8.32;5.43;4.14
2012Oct;2.02;2.44;7.00;1.47;5.64;1.78;2.19;17.96;4.77;4.95;4.32;1.62;3.52;3.99;1.77;8.17;5.74;4.20
2012Sep;2.04;2.61;7.00;1.49;5.91;1.82;2.24;20.91;5.28;5.25;4.53;1.65;3.92;4.00;1.84;8.62;6.32;4.20
2012Aug;1.97;2.54;7.00;1.34;6.58;1.55;2.12;24.34;5.91;5.82;4.84;1.66;4.45;4.04;1.76;9.88;6.81;4.24
2012Jul;2.07;2.69;7.00;1.24;6.79;1.55;2.28;25.82;6.12;6.00;4.82;1.70;4.67;4.15;1.75;10.49;6.34;4.41
2012Jun;2.29;3.17;7.00;1.30;6.59;1.76;2.57;27.82;7.09;5.90;4.96;1.82;5.07;4.27;1.93;10.56;5.63;4.80
2012May;2.49;3.30;7.00;1.34;6.13;1.82;2.75;26.90;7.12;5.78;5.30;1.92;5.15;4.19;1.96;11.59;5.28;4.80
2012Apr;2.83;3.52;7.00;1.62;5.79;2.15;2.99;21.48;6.88;5.68;5.30;2.22;5.10;4.26;2.29;12.01;5.27;4.81
2012Mar;2.87;3.53;7.00;1.83;5.17;2.31;2.95;19.07;6.90;5.05;5.29;2.22;5.15;4.31;2.25;13.01;5.08;4.91
2012Feb;3.00;3.70;7.00;1.85;5.11;2.34;3.02;29.24;7.02;5.55;5.15;2.03;5.45;4.17;2.24;12.81;5.73;4.98
2012Jan;3.27;4.11;7.00;1.82;5.41;2.28;3.18;25.91;7.71;6.54;5.35;2.07;5.74;4.30;2.20;13.85;6.74;5.22
2011Dec;3.10;4.35;7.00;1.93;5.53;2.52;3.16;21.14;8.70;6.81;5.75;2.27;5.93;4.43;2.38;13.08;6.90;5.21
2011Nov;3.36;4.84;7.00;1.87;6.20;2.54;3.41;17.92;8.51;7.06;5.25;2.31;5.73;4.35;2.45;11.89;6.46;4.71
2011Oct;2.92;4.20;7.00;2.00;5.25;2.51;2.99;18.04;8.10;5.97;5.06;2.37;5.62;4.26;2.46;11.72;5.16;4.33
2011Sep;2.64;3.88;7.00;1.83;5.20;2.35;2.64;17.78;8.51;5.75;5.09;2.27;5.60;4.14;2.34;11.34;4.86;4.25
2011Aug;2.84;4.11;6.42;2.21;5.25;2.68;2.98;15.90;9.57;5.27;5.05;2.59;5.60;4.32;2.68;10.93;4.99;4.55
2011Jul;3.35;4.22;6.25;2.74;5.83;3.16;3.40;16.15;12.45;5.46;5.05;3.03;5.67;4.59;3.17;12.15;4.89;4.55
2011Jun;3.43;4.14;5.78;2.89;5.48;3.29;3.43;16.69;11.43;4.82;5.05;3.15;5.87;4.63;3.28;10.87;4.58;4.39
2011May;3.53;4.21;4.60;3.06;5.32;3.32;3.49;15.94;10.64;4.76;5.05;3.29;6.36;4.63;3.40;9.63;4.43;4.33
2011Apr;3.76;4.29;4.60;3.34;5.33;3.57;3.69;13.86;9.79;4.84;5.12;3.58;6.47;4.73;3.65;9.19;4.53;4.33
2011Mar;3.68;4.21;4.60;3.21;5.25;3.45;3.61;12.44;9.67;4.88;5.15;3.47;6.49;4.68;3.42;7.80;4.30;4.32
2011Feb;3.68;4.21;4.60;3.20;5.26;3.41;3.60;11.40;9.10;4.74;5.15;3.45;6.17;4.60;3.41;7.34;4.26;4.24
2011Jan;3.54;4.14;4.60;3.02;5.38;3.27;3.44;11.73;8.75;4.73;5.15;3.30;5.38;4.51;3.23;6.95;4.29;4.16
2010Dec;3.43;3.99;4.60;2.91;5.38;3.19;3.34;12.01;8.45;4.60;5.15;3.32;7.55;4.42;3.15;6.53;4.11;4.06
2010Nov;3.01;3.48;4.60;2.53;4.69;2.82;3.00;11.52;8.22;4.18;5.15;2.94;8.99;4.12;2.79;6.91;3.77;3.80
2010Oct;2.82;3.21;4.60;2.35;4.04;2.63;2.72;9.57;6.42;3.80;5.15;2.73;9.24;3.90;2.58;6.05;3.56;3.67
2010Sep;2.80;3.12;4.60;2.30;4.09;2.58;2.68;11.34;6.14;3.86;5.15;2.67;9.97;3.90;2.52;6.08;3.64;3.59
2010Aug;2.77;3.03;4.60;2.35;4.04;2.62;2.68;10.70;5.30;3.80;5.15;2.65;10.00;4.01;2.56;5.31;3.67;3.73
2010Jul;3.06;3.29;4.60;2.62;4.43;2.85;2.99;10.34;5.32;4.03;5.15;2.98;10.00;4.13;2.85;5.49;3.87;3.93
2010Jun;3.20;3.47;4.60;2.54;4.56;2.92;3.07;9.10;5.31;4.10;5.15;3.01;10.12;4.13;2.90;5.54;3.83;3.73
2010May;3.21;3.31;4.60;2.73;4.08;3.03;3.08;7.97;4.86;3.98;5.15;3.17;10.13;4.14;3.02;5.02;3.82;3.82
2010Apr;3.46;3.54;4.60;3.06;3.90;3.36;3.40;7.83;4.76;4.00;5.15;3.51;10.13;4.18;3.32;4.78;3.94;3.93
2010Mar;3.53;3.63;4.60;3.10;3.83;3.26;3.44;6.24;4.53;3.94;5.15;3.60;10.54;4.33;3.37;4.31;3.94;4.01
2010Feb;3.66;3.73;4.60;3.17;3.98;3.38;3.50;6.46;4.73;4.05;7.15;3.69;13.62;4.49;3.36;4.56;3.84;4.08
2010Jan;3.75;3.75;4.60;3.26;3.99;3.49;3.52;6.02;4.83;4.08;8.15;3.76;13.76;4.50;3.47;4.17;4.00;4.11
2009Dec;3.61;3.61;4.60;3.14;3.81;3.46;3.48;5.49;4.88;4.01;9.10;3.80;13.75;4.41;3.44;3.91;3.91;4.12
2009Nov;3.60;3.64;4.60;3.22;3.79;3.53;3.56;4.84;4.82;4.06;14.50;3.87;13.75;4.45;3.52;3.80;3.87;4.23
2009Oct;3.65;3.68;4.60;3.21;3.78;3.57;3.56;4.57;4.77;4.10;14.50;3.85;13.51;4.44;3.53;3.85;3.86;4.33
2009Sep;3.75;3.72;4.60;3.26;3.81;3.62;3.59;4.56;4.91;4.09;14.50;3.94;13.27;4.49;3.58;3.94;3.96;4.65
2009Aug;3.76;3.77;4.60;3.31;3.79;3.63;3.59;4.52;4.92;4.12;14.50;4.15;12.81;4.51;3.61;3.95;4.07;4.90
2009Jul;4.04;3.92;4.60;3.34;4.01;3.77;3.73;4.89;5.45;4.37;14.50;4.46;12.75;4.61;3.76;4.25;4.33;5.04
2009Jun;4.32;4.12;4.60;3.47;4.25;3.98;3.90;5.33;5.73;4.61;14.50;4.74;12.75;4.79;3.96;4.50;4.69;5.08
2009May;4.10;4.03;4.60;3.37;4.06;3.91;3.80;5.22;5.27;4.42;14.50;4.59;11.09;4.71;3.85;4.29;4.76;5.03
2009Apr;4.04;3.93;4.60;3.13;4.01;3.78;3.66;5.50;5.34;4.36;14.50;4.54;11.15;4.63;3.77;4.53;4.77;4.93
2009Mar;4.16;4.03;4.60;3.02;4.06;3.81;3.65;5.87;5.76;4.46;14.50;4.30;11.32;4.58;3.66;4.68;4.71;4.71
2009Feb;4.21;4.24;4.60;3.13;4.23;3.93;3.68;5.70;5.65;4.54;14.50;4.33;11.50;4.53;3.80;4.52;4.87;4.76
2009Jan;4.00;4.13;4.60;3.07;4.15;3.87;3.60;5.60;5.20;4.62;13.95;4.17;10.64;4.35;3.76;4.32;4.70;4.69
2008Dec;3.90;3.87;4.60;3.05;3.86;3.72;3.54;5.08;4.57;4.47;9.00;4.17;9.03;4.17;3.65;4.00;4.56;4.72
2008Nov;4.19;4.26;4.60;3.56;4.15;4.09;3.98;5.09;4.56;4.74;8.16;4.35;7.60;4.61;3.96;4.35;4.61;4.92
2008Oct;4.33;4.46;4.60;3.88;4.46;4.33;4.18;4.93;4.55;4.78;5.40;4.68;6.60;4.81;4.23;4.56;4.66;4.95
2008Sep;4.46;4.56;4.60;4.09;4.57;4.43;4.36;4.88;4.56;4.80;5.45;4.84;6.60;5.04;4.35;4.66;4.68;4.98
2008Aug;4.48;4.58;4.60;4.20;4.56;4.47;4.40;4.87;4.59;4.81;5.47;4.78;6.60;5.12;4.40;4.69;4.68;4.95
2008Jul;4.78;4.85;4.60;4.49;4.80;4.77;4.69;5.15;4.92;5.09;5.49;5.01;6.57;5.28;4.69;4.95;5.02;5.06
2008Jun;4.80;4.84;4.60;4.52;4.79;4.78;4.73;5.17;4.91;5.11;5.33;4.98;6.25;5.26;4.73;4.96;4.95;4.94
2008May;4.48;4.51;4.60;4.20;4.43;4.47;4.41;4.74;4.58;4.70;4.80;4.67;5.93;4.91;4.36;4.60;4.61;4.52
2008Apr;4.34;4.37;4.60;4.04;4.32;4.22;4.27;4.54;4.44;4.53;4.59;4.55;5.93;4.77;4.21;4.52;4.47;4.46
2008Mar;4.14;4.23;4.60;3.80;4.12;4.00;4.02;4.42;4.17;4.38;4.36;4.37;5.25;4.49;3.97;4.36;4.33;4.34
2008Feb;4.18;4.23;4.60;3.95;4.15;4.06;4.08;4.36;4.21;4.35;4.51;4.42;5.11;4.60;4.05;4.27;4.32;4.36
2008Jan;4.22;4.25;4.60;4.03;4.18;4.14;4.15;4.40;4.25;4.40;4.73;4.47;5.71;4.63;4.13;4.31;4.39;4.48
2007Dec;4.35;4.41;4.60;4.21;4.35;4.34;4.35;4.53;4.45;4.54;4.94;4.68;5.10;4.81;4.34;4.47;4.55;4.61
2007Nov;4.21;4.28;4.60;4.09;4.25;4.22;4.23;4.43;4.31;4.45;4.57;4.56;5.12;4.72;4.21;4.36;4.40;4.59
2007Oct;4.40;4.42;4.60;4.28;4.38;4.38;4.40;4.58;4.39;4.59;4.72;4.63;5.06;4.92;4.38;4.52;4.58;4.64
2007Sep;4.33;4.39;4.45;4.22;4.36;4.34;4.36;4.56;4.32;4.57;4.72;4.64;5.21;4.85;4.34;4.50;4.68;4.61
2007Aug;4.38;4.44;4.44;4.30;4.40;4.39;4.39;4.62;4.40;4.58;4.80;4.68;5.32;4.94;4.38;4.55;4.82;4.65
2007Jul;4.59;4.62;4.44;4.50;4.60;4.59;4.58;4.79;4.59;4.76;4.89;4.84;5.28;5.18;4.56;4.73;4.72;4.70
2007Jun;4.63;4.64;4.44;4.56;4.62;4.62;4.62;4.80;4.62;4.77;4.57;4.85;5.62;5.12;4.61;4.75;4.79;4.66
2007May;4.33;4.34;4.44;4.28;4.34;4.33;4.34;4.51;4.32;4.49;4.36;4.63;6.03;4.61;4.33;4.44;4.49;4.40
2007Apr;4.21;4.22;4.44;4.15;4.21;4.20;4.21;4.40;4.19;4.37;4.18;4.26;5.52;4.44;4.19;4.30;4.41;4.26
2007Mar;3.99;4.01;4.47;3.94;4.01;3.98;4.00;4.20;3.97;4.18;4.24;4.02;5.14;4.38;3.98;4.10;4.34;4.24
2007Feb;4.09;4.11;4.42;4.05;4.10;4.08;4.10;4.30;4.07;4.28;4.28;3.91;5.07;4.38;4.07;4.19;4.34;4.28
2007Jan;4.06;4.06;4.36;4.02;4.07;4.05;4.07;4.28;4.04;4.26;4.28;3.83;4.92;4.34;4.05;4.18;4.23;4.25
2006Dec;3.81;3.82;4.26;3.77;3.82;3.82;3.81;4.04;3.76;4.04;4.28;3.77;4.90;4.33;3.82;3.96;3.90;4.15
2006Nov;3.76;3.76;4.26;3.71;3.75;3.75;3.74;3.98;3.72;3.97;4.28;3.72;4.95;4.34;3.75;3.89;3.99;4.25
2006Oct;3.83;3.83;4.26;3.79;3.81;3.84;3.81;4.08;3.78;4.07;4.28;3.67;4.55;4.34;3.82;3.98;4.02;4.42
2006Sep;3.79;3.79;4.28;3.75;3.76;3.80;3.77;4.06;3.76;4.04;4.28;3.67;4.38;4.34;3.78;3.93;3.98;4.79
2006Aug;3.92;3.92;4.28;3.88;3.89;3.94;3.90;4.19;3.88;4.17;4.28;3.58;4.36;4.34;3.90;4.06;3.92;5.13
2006Jul;4.05;4.04;4.21;4.01;4.02;4.07;4.03;4.33;4.00;4.31;4.28;3.49;4.32;4.31;3.99;4.14;3.86;5.42
2006Jun;4.03;4.02;4.03;3.96;3.99;4.02;4.01;4.31;3.98;4.29;4.34;3.38;4.14;4.27;3.97;4.10;3.86;4.66
2006May;4.03;4.03;4.07;3.96;3.99;3.94;4.00;4.30;3.96;4.29;4.13;3.08;3.60;4.24;3.96;4.07;3.73;4.50
2006Apr;3.92;3.96;4.07;3.89;3.92;3.88;3.95;4.23;3.90;4.22;3.92;2.82;3.60;4.19;3.92;4.03;3.73;4.27
2006Mar;3.65;3.70;3.97;3.64;3.65;3.62;3.69;3.95;3.65;3.92;3.75;2.82;3.60;4.35;3.66;3.77;3.80;4.01
2006Feb;3.48;3.54;3.96;3.47;3.48;3.44;3.51;3.77;3.47;3.70;3.53;2.82;3.60;4.38;3.48;3.60;3.72;3.75
2006Jan;3.33;3.37;3.96;3.32;3.33;3.28;3.34;3.60;3.32;3.54;3.62;2.82;3.60;4.39;3.33;3.45;3.73;3.59
2005Dec;3.36;3.39;4.09;3.34;3.37;3.30;3.38;3.57;3.36;3.55;3.79;2.74;3.59;4.39;3.35;3.46;3.69;3.62
2005Nov;3.48;3.49;4.22;3.45;3.48;3.40;3.50;3.67;3.40;3.65;3.63;2.65;3.56;4.39;3.48;3.58;3.62;3.70
2005Oct;3.27;3.30;4.22;3.24;3.28;3.19;3.29;3.45;3.19;3.44;3.50;2.42;3.87;4.41;3.28;3.39;3.62;3.25
2005Sep;3.12;3.14;4.81;3.07;3.09;3.05;3.13;3.30;3.04;3.29;3.50;2.19;3.87;4.41;3.12;3.23;3.74;3.13
2005Aug;3.28;3.31;4.84;3.23;3.23;3.21;3.30;3.47;3.22;3.45;3.50;2.25;3.87;4.43;3.28;3.39;3.79;3.24
2005Jul;3.27;3.30;4.84;3.20;3.22;3.18;3.27;3.46;3.18;3.44;3.61;2.17;3.87;4.55;3.27;3.35;3.78;3.22
2005Jun;3.23;3.26;5.13;3.13;3.18;3.16;3.20;3.44;3.13;3.40;3.78;2.12;3.87;4.56;3.13;3.19;3.90;3.36
2005May;3.41;3.43;5.84;3.30;3.36;3.33;3.38;3.60;3.28;3.55;3.87;2.28;3.87;4.66;3.30;3.35;3.92;3.54
2005Apr;3.50;3.60;5.87;3.48;3.53;3.51;3.54;3.76;3.46;3.65;3.82;2.45;3.87;4.71;3.48;3.50;3.95;3.76
2005Mar;3.70;3.76;5.89;3.70;3.74;3.72;3.75;3.92;3.66;3.84;3.73;2.58;3.94;4.72;3.69;3.70;3.88;3.60
2005Feb;3.55;3.57;6.06;3.54;3.58;3.57;3.60;3.69;3.51;3.68;3.80;2.56;4.03;4.72;3.55;3.55;3.92;3.80
2005Jan;3.56;3.59;6.13;3.56;3.59;3.60;3.58;3.69;3.52;3.71;3.85;2.55;4.29;4.71;3.56;3.56;3.87;4.04
2004Dec;3.63;3.66;6.26;3.58;3.64;3.68;3.64;3.77;3.62;3.79;3.95;2.54;4.58;4.70;3.63;3.64;4.07;4.58
2004Nov;3.84;3.85;6.45;3.78;3.85;3.89;3.86;3.97;3.80;4.00;4.25;2.59;4.58;4.70;3.85;3.86;4.30;4.92
2004Oct;3.97;3.98;6.58;3.89;3.97;4.01;3.98;4.11;3.92;4.13;4.38;2.69;4.63;4.71;3.96;3.99;4.47;5.08
2004Sep;4.09;4.11;6.58;4.02;4.08;4.14;4.09;4.22;4.04;4.25;4.56;2.83;4.87;4.70;4.09;4.12;4.63;5.04
2004Aug;4.15;4.18;6.58;4.08;4.15;4.21;4.11;4.28;4.09;4.28;4.57;2.86;4.88;4.70;4.15;4.18;4.66;5.02
2004Jul;4.31;4.34;6.58;4.24;4.28;4.37;4.27;4.44;4.27;4.44;4.58;3.04;4.89;4.65;4.31;4.35;4.64;5.03
2004Jun;4.42;4.46;5.49;4.31;4.39;4.48;4.39;4.55;4.38;4.54;4.47;3.12;4.93;4.65;4.42;4.47;4.69;5.09
2004May;4.37;4.40;5.17;4.25;4.33;4.25;4.34;4.49;4.31;4.49;4.46;3.05;4.95;4.65;4.37;4.42;4.77;5.13
2004Apr;4.24;4.26;5.17;4.10;4.20;4.10;4.18;4.35;4.17;4.35;4.55;2.77;4.89;4.65;4.13;4.25;4.83;5.06
2004Mar;4.05;4.07;5.17;3.91;4.01;3.92;3.98;4.17;3.97;4.17;4.64;2.69;4.98;4.70;3.93;4.00;4.99;5.09
2004Feb;4.23;4.26;4.79;4.11;4.14;4.11;4.14;4.35;4.15;4.34;4.81;2.94;5.05;4.70;4.12;4.19;5.01;5.11
2004Jan;4.27;4.26;4.75;4.17;4.19;4.16;4.20;4.37;4.20;4.32;4.81;3.01;5.06;4.71;4.18;4.25;5.14;5.16
2003Dec;4.38;4.38;4.75;4.29;4.34;4.33;4.34;4.45;4.36;4.46;4.81;3.29;5.07;4.71;4.33;4.40;5.27;5.42
2003Nov;4.44;4.43;4.75;4.35;4.40;4.39;4.41;4.51;4.39;4.51;4.81;3.38;5.01;4.70;4.41;4.48;5.54;5.36
2003Oct;4.32;4.31;4.64;4.22;4.27;4.26;4.28;4.38;4.25;4.38;4.82;3.20;4.98;4.68;4.27;4.36;6.16;5.08
2003Sep;4.24;4.25;4.59;4.17;4.21;4.20;4.23;4.32;4.19;4.31;5.04;3.22;4.96;4.73;4.21;4.29;6.65;5.02
2003Aug;4.22;4.22;4.59;4.13;4.19;4.18;4.16;4.29;4.17;4.29;5.04;3.17;4.80;4.78;4.18;4.26;6.65;4.92
2003Jul;4.06;4.06;4.59;3.97;4.03;4.01;4.01;4.12;4.01;4.13;5.38;2.85;4.78;4.95;4.04;4.10;6.65;4.80
2003Jun;3.76;3.74;4.63;3.62;3.69;3.70;3.69;3.81;3.69;3.82;5.50;2.85;4.89;5.11;3.72;3.77;6.65;4.70
2003May;3.85;3.95;4.63;3.82;3.88;3.91;3.89;4.02;3.89;4.04;5.63;3.55;4.95;5.14;3.91;3.91;6.65;4.72
2003Apr;4.16;4.29;4.80;4.15;4.19;4.23;4.22;4.38;4.22;4.31;5.65;3.55;4.99;5.25;4.23;4.18;6.65;4.90
2003Mar;4.03;4.15;4.83;4.00;4.04;4.09;4.10;4.26;4.09;4.18;5.67;3.55;4.99;5.40;4.01;4.08;6.65;5.01
2003Feb;4.01;4.11;4.83;3.95;4.01;4.05;4.01;4.24;4.06;4.16;5.67;3.55;4.77;5.51;3.97;4.04;6.65;4.92
2003Jan;4.22;4.28;5.29;4.18;4.24;4.26;4.22;4.43;4.27;4.38;5.85;3.62;4.62;5.54;4.19;4.27;6.65;4.98
2002Dec;4.43;4.46;5.37;4.33;4.42;4.45;4.38;4.58;4.46;4.55;5.87;3.97;4.53;5.55;4.36;4.45;6.65;5.12
2002Nov;4.62;4.64;5.37;4.48;4.60;4.66;4.53;4.76;4.67;4.74;5.87;4.11;4.79;5.57;4.55;4.66;7.10;5.43
2002Oct;4.64;4.66;5.37;4.46;4.63;4.68;4.55;4.79;4.70;4.76;5.87;4.11;4.88;5.56;4.58;4.70;8.90;6.11
2002Sep;4.57;4.60;5.37;4.38;4.57;4.61;4.46;4.73;4.63;4.62;5.92;4.33;5.14;5.74;4.50;4.63;8.91;6.60
2002Aug;4.77;4.80;5.37;4.59;4.78;4.81;4.67;4.95;4.84;4.83;6.00;4.70;5.34;5.74;4.71;4.85;8.94;7.24
2002Jul;5.06;5.09;5.37;4.87;5.07;5.10;4.96;5.21;5.11;5.11;6.00;4.87;5.34;5.77;4.99;5.12;9.08;7.64
2002Jun;5.22;5.24;5.37;5.02;5.23;5.26;5.11;5.37;5.25;5.25;6.10;5.09;5.38;5.83;5.16;5.26;9.19;7.83
2002May;5.37;5.38;5.37;5.17;5.36;5.40;5.26;5.52;5.41;5.41;6.15;5.15;5.59;5.85;5.31;5.40;9.22;7.68
2002Apr;5.35;5.37;5.37;5.15;5.33;5.32;5.24;5.51;5.41;5.40;6.15;5.19;5.78;5.88;5.25;5.39;9.52;7.47
2002Mar;5.36;5.37;5.37;5.16;5.34;5.33;5.24;5.50;5.42;5.41;5.92;5.16;5.80;6.04;5.27;5.39;9.62;7.37
2002Feb;5.12;5.15;7.11;4.92;5.11;5.10;4.99;5.31;5.20;5.20;6.43;4.91;5.98;6.12;5.03;5.15;;7.32
2002Jan;5.06;5.08;7.55;4.86;5.05;5.05;4.93;5.24;5.02;5.14;6.47;4.84;6.35;6.18;4.97;5.08;;7.41
2001Dec;4.95;4.97;7.55;4.74;4.97;4.98;4.87;5.13;4.93;5.05;6.34;4.51;6.93;6.24;4.89;5.01;;7.75
2001Nov;4.70;4.75;7.55;4.45;4.76;4.69;4.57;4.90;4.63;4.80;6.28;4.29;7.08;6.27;4.62;4.76;;7.97
2001Oct;4.85;4.89;7.55;4.60;4.91;4.83;4.72;5.07;4.77;4.96;7.62;4.41;7.48;6.30;4.76;4.92;;8.08
2001Sep;5.08;5.14;7.55;4.81;5.14;5.06;4.94;5.31;5.01;5.20;7.99;4.67;7.58;6.30;4.98;5.17;;8.10
2001Aug;5.10;5.15;7.55;4.82;5.16;5.06;4.95;5.33;5.01;5.21;8.01;4.81;7.66;6.29;4.98;5.19;;7.99
2001Jul;5.29;5.35;7.69;5.02;5.35;5.27;5.15;5.51;5.23;5.42;8.46;5.05;7.75;6.17;5.17;5.39;;8.04
2001Jun;5.27;5.33;7.70;5.00;5.33;5.26;5.15;5.48;5.23;5.40;8.46;5.14;7.60;6.14;5.17;5.38;;8.05
2001May;5.34;5.38;7.71;5.05;5.36;5.29;5.21;5.54;5.28;5.45;8.46;5.30;7.54;6.11;5.22;5.42;;8.02
2001Apr;5.16;5.21;7.63;4.83;5.18;5.10;5.00;5.39;5.09;5.28;8.50;5.05;7.90;6.11;5.02;5.26;;8.00
2001Mar;5.01;5.08;7.66;4.67;5.04;4.94;4.84;5.28;4.92;5.13;8.64;4.93;7.90;6.11;4.83;5.09;;8.09
2001Feb;5.10;5.16;7.68;4.78;5.12;5.02;4.93;5.35;5.01;5.18;9.77;5.08;7.82;6.11;4.92;5.14;;8.17
2001Jan;5.10;5.16;7.68;4.80;5.08;5.02;4.94;5.35;5.03;5.18;9.31;5.06;7.64;6.11;4.93;5.16;;8.25
2000Dec;5.21;5.28;;4.89;5.20;5.14;5.04;5.54;5.14;5.30;;5.21;;;5.03;5.28;;
2000Nov;5.46;5.52;;5.15;5.45;5.40;5.29;5.87;5.40;5.55;;5.57;;;5.30;5.53;;
2000Oct;5.52;5.58;;5.21;5.50;5.45;5.36;5.97;5.46;5.58;;5.51;;;5.35;5.58;;
2000Sep;5.57;5.63;;5.26;5.56;5.49;5.42;6.05;5.52;5.63;;5.57;;;5.41;5.63;;
2000Aug;5.54;5.56;;5.21;5.50;5.43;5.36;6.04;5.47;5.56;;5.49;;;5.36;5.57;;
2000Jul;5.60;5.60;;5.27;5.53;5.48;5.40;6.08;5.52;5.59;;5.57;;;5.40;5.61;;
2000Jun;5.51;5.53;;5.19;5.45;5.39;5.32;6.06;5.43;5.51;;5.38;;;5.31;5.54;;
2000May;5.66;5.69;;5.38;5.63;5.59;5.50;6.18;5.61;5.67;;5.60;;;5.50;5.68;;
2000Apr;5.49;5.52;;5.22;5.45;5.46;5.33;6.09;5.46;5.47;;5.42;;;5.38;5.52;;
2000Mar;5.59;5.62;;5.33;5.55;5.50;5.43;6.24;5.58;5.58;;5.56;;;5.48;5.61;;
2000Feb;5.77;5.79;;5.51;5.73;5.72;5.62;6.48;5.76;5.73;;5.71;;;5.66;5.78;;
2000Jan;5.75;5.79;;5.54;5.76;5.75;5.66;6.60;5.80;5.75;;5.64;;;5.67;5.81;;
1999Dec;5.35;5.41;;5.15;5.37;5.37;5.27;6.39;5.39;5.36;;5.26;;;5.28;5.46;;
1999Nov;5.27;5.30;;5.04;5.28;5.27;5.15;6.61;5.31;5.25;;5.27;;;5.18;5.36;;
1999Oct;5.53;5.58;;5.29;5.56;5.56;5.43;7.03;5.57;5.52;;5.54;;;5.45;5.62;;
1999Sep;5.27;5.34;;5.04;5.32;5.32;5.19;6.64;5.34;5.28;;5.31;;;5.21;5.41;;
1999Aug;5.10;5.18;;4.88;5.17;5.15;5.01;6.66;5.16;5.13;;5.18;;;5.03;5.22;;
1999Jul;4.87;4.94;;4.68;4.91;4.92;4.81;6.37;4.94;4.94;;4.87;;;4.82;4.99;;
1999Jun;4.54;4.64;;4.36;4.61;4.58;4.47;6.02;4.59;4.62;;4.37;;;4.51;4.66;;
1999May;4.21;4.29;;4.01;4.28;4.24;4.16;5.75;4.18;4.28;;4.16;;;4.19;4.32;;
1999Apr;4.03;4.11;;3.85;4.08;4.07;3.98;5.85;3.95;4.11;;4.01;;;4.00;4.13;;
1999Mar;4.16;4.26;;4.04;4.25;4.26;4.13;5.97;4.19;4.27;;4.17;;;4.14;4.24;;
1999Feb;3.98;4.04;;3.85;4.02;4.04;3.93;5.96;4.02;4.05;;3.93;;;3.93;4.02;;
1999Jan;3.84;3.90;;3.70;3.88;3.91;3.77;6.32;3.89;3.92;;3.90;;;3.80;3.90;;
1998Dec;4.05;4.09;;3.86;4.07;4.06;3.91;7.17;4.02;4.00;;4.09;;;3.95;4.12;;
1998Nov;4.33;4.33;;4.12;4.41;4.41;4.18;7.65;4.32;4.38;;4.28;;;4.18;4.42;;
1998Oct;4.30;4.28;;4.06;4.43;4.45;4.17;8.45;4.35;4.49;;4.30;;;4.14;4.43;;
1998Sep;4.31;4.34;;4.06;4.47;4.45;4.20;8.25;4.38;4.53;;4.36;;;4.19;4.46;;
1998Aug;4.62;4.66;;4.42;4.74;4.68;4.52;7.56;4.68;4.79;;4.56;;;4.53;4.76;;
1998Jul;4.83;4.88;;4.68;4.94;4.86;4.78;7.67;4.93;4.97;;4.84;;;4.76;4.95;;
1998Jun;4.89;4.96;;4.80;5.02;4.95;4.86;7.74;5.03;5.08;;4.94;;;4.85;5.06;;
1998May;5.03;5.09;;4.96;5.13;5.08;5.01;7.85;5.14;5.21;;5.06;;;5.00;5.18;;
1998Apr;4.97;5.03;;4.90;5.06;5.01;4.96;8.11;5.05;5.15;;4.99;;;4.95;5.17;;
1998Mar;4.97;5.03;;4.90;5.09;5.04;4.95;9.27;5.08;5.20;;5.00;;;4.94;5.25;;
1998Feb;5.07;5.11;;4.99;5.24;5.16;5.03;11.04;5.23;5.38;;5.08;;;5.01;5.32;;
1998Jan;5.19;5.22;;5.11;5.40;5.30;5.11;11.03;5.35;5.43;;5.21;;;5.07;5.41;;
1997Dec;5.40;5.45;;5.33;5.64;5.58;5.32;10.48;5.61;5.74;;5.43;;;5.29;5.67;;
1997Nov;5.63;5.68;;5.56;5.96;5.79;5.57;10.76;5.98;6.13;;5.61;;;5.54;5.96;;
1997Oct;5.62;5.69;;5.58;5.97;5.75;5.59;9.30;5.99;6.20;;5.60;;;5.57;5.98;;
1997Sep;5.63;5.69;;5.59;6.09;5.83;5.52;9.43;6.10;6.36;;5.60;;;5.55;6.13;;
1997Aug;5.70;5.75;;5.66;6.31;5.90;5.58;9.63;6.33;6.66;;5.62;;;5.60;6.35;;
1997Jul;5.61;5.64;;5.56;6.21;5.86;5.47;9.42;6.26;6.52;;5.57;;;5.49;6.26;;
1997Jun;5.78;5.83;;5.72;6.47;6.09;5.65;9.15;6.49;7.07;;5.69;;;5.62;6.41;;
1997May;5.79;5.90;;5.76;6.61;6.16;5.69;8.92;6.54;7.32;;5.59;;;5.70;6.49;;
1997Apr;5.90;6.02;;5.87;6.95;6.36;5.80;9.33;6.69;7.74;;5.70;;;5.79;6.80;;
1997Mar;5.71;5.85;;5.71;7.03;6.12;5.65;9.45;6.62;7.87;;5.59;;;5.64;6.87;;
1997Feb;5.58;5.65;;5.55;6.74;5.91;5.46;10.87;6.32;7.36;;5.45;;;5.47;6.66;;
1997Jan;5.84;5.89;;5.80;6.83;6.14;5.68;12.29;6.59;7.38;;5.72;;;5.66;6.72;;
1996Dec;5.86;5.90;;5.79;7.00;6.34;5.74;12.42;6.61;7.57;;5.81;;;5.72;6.95;;
1996Nov;5.95;6.00;;5.86;7.34;6.47;5.83;13.36;6.68;7.69;;5.89;;;5.76;7.17;;
1996Oct;6.06;6.10;;6.01;7.76;6.51;5.97;14.00;6.78;8.23;;5.93;;;5.88;7.59;;
1996Sep;6.30;6.45;;6.23;8.43;6.92;6.23;14.23;7.21;9.17;;6.25;;;6.10;8.32;;
1996Aug;6.41;6.62;;6.30;8.86;7.16;6.34;14.46;7.43;9.48;;6.35;;;6.24;8.71;;
1996Jul;6.58;6.78;;6.48;8.78;7.07;6.44;14.61;7.49;9.43;;6.53;;;6.41;8.71;;
1996Jun;6.63;6.78;;6.56;9.11;7.21;6.55;14.95;7.62;9.57;;6.51;;;6.46;8.88;;
1996May;6.45;6.69;;6.45;9.17;7.36;6.46;14.87;7.50;9.70;;6.47;;;6.35;8.97;;
1996Apr;6.43;6.67;;6.38;9.33;7.47;6.50;14.80;7.61;10.34;;6.58;;;6.35;9.06;;
1996Mar;6.55;6.84;;6.44;9.89;7.71;6.64;14.90;7.82;10.69;;6.68;;;6.45;9.46;;
1996Feb;6.44;6.64;;6.20;9.71;7.67;6.59;15.30;7.49;10.52;;6.44;;;6.21;9.45;;
1996Jan;6.21;6.44;;5.89;9.46;7.03;6.44;15.30;7.23;10.43;;6.42;;;5.87;9.44;;
1995Dec;6.47;6.70;;6.07;9.95;7.38;6.75;15.35;7.38;11.17;;6.69;;;6.09;10.03;;
1995Nov;6.76;6.80;;6.34;10.54;7.52;7.03;15.40;7.63;11.63;;6.77;;;6.35;10.74;;
1995Oct;6.96;7.06;;6.57;10.89;7.95;7.48;15.56;7.99;11.96;;6.84;;;6.59;11.22;;
1995Sep;6.88;7.04;;6.59;10.80;7.98;7.35;15.72;7.96;11.54;;6.90;;;6.58;11.14;;
1995Aug;7.00;7.19;;6.74;10.97;8.34;7.33;16.19;8.15;11.66;;7.09;;;6.74;11.31;;
1995Jul;7.11;7.33;;6.86;11.33;8.74;7.43;16.72;8.39;12.21;;7.10;;;6.85;11.69;;
1995Jun;7.05;7.33;;6.78;11.54;8.70;7.45;17.24;8.26;12.38;;7.11;;;6.83;11.89;;
1995May;7.13;7.59;;6.86;11.41;8.84;7.52;17.58;8.34;12.30;;7.39;;;6.92;11.91;;
1995Apr;7.37;7.85;;7.09;12.09;9.42;7.82;18.00;8.70;13.40;;7.53;;;7.17;12.17;;
1995Mar;7.51;8.16;;7.28;12.26;10.18;8.02;18.25;8.80;13.45;;7.73;;;7.42;11.98;;
1995Feb;7.65;8.27;;7.42;11.60;10.22;8.01;18.50;8.67;12.39;;7.83;;;7.54;11.71;;
1995Jan;7.72;8.45;;7.60;11.86;10.24;8.23;19.00;8.79;12.37;;7.78;;;7.71;11.79;;
1994Dec;7.63;8.30;;7.46;11.38;10.21;8.02;19.00;8.57;12.20;;7.74;;;7.59;11.60;;
1994Nov;7.72;8.35;;7.49;11.17;10.23;8.14;19.83;8.51;12.02;;7.85;;;7.54;11.51;;
1994Oct;7.69;8.45;;7.54;11.13;10.08;8.19;20.67;8.68;12.07;;7.96;;;7.55;11.59;;
1994Sep;7.57;8.58;;7.52;11.22;10.53;8.10;21.50;8.82;11.94;;7.32;;;7.49;11.75;;
1994Aug;7.20;8.21;;7.09;10.68;10.59;7.61;21.50;8.43;11.46;;7.08;;;7.12;11.42;;
1994Jul;7.12;7.95;;6.90;10.59;9.89;7.40;21.13;8.34;10.77;;7.13;;;6.91;11.34;;
1994Jun;7.41;7.98;;7.05;10.28;9.53;7.49;20.75;8.50;10.48;;7.15;;;7.11;10.84;;
1994May;6.97;7.54;;6.66;9.55;8.52;6.97;20.38;7.96;9.37;;7.11;;;6.75;9.96;;
1994Apr;6.67;7.29;;6.48;9.07;8.29;6.69;20.00;7.57;9.05;;6.98;;;6.54;9.26;;
1994Mar;6.45;7.14;;6.34;8.82;7.45;6.37;20.38;7.07;9.45;;6.72;;;6.29;8.97;;
1994Feb;6.06;6.70;;6.07;8.07;6.58;5.94;21.25;6.45;8.77;;6.43;;;5.87;8.58;;
1994Jan;5.81;6.52;;5.80;7.98;6.54;5.67;22.00;6.15;8.67;;6.33;;;5.61;8.93;;
1993Dec;6.04;6.59;;5.85;8.28;7.03;5.80;22.25;6.38;8.93;;6.30;;;5.68;9.19;;
1993Nov;6.18;6.92;;5.98;8.56;7.39;6.04;22.25;6.57;9.33;;6.52;;;5.81;9.39;;
1993Oct;6.26;7.19;;6.00;8.69;7.67;5.96;22.25;6.71;9.02;;6.68;;;5.83;9.27;;
1993Sep;6.43;7.22;;6.20;9.09;7.99;6.13;22.25;7.01;9.47;;;;;5.97;9.73;;
1993Aug;6.60;7.08;;6.41;9.48;7.87;6.31;22.25;7.11;9.76;;;;;6.18;10.37;;
1993Jul;6.75;7.05;;6.62;10.22;8.60;6.76;22.88;7.32;11.10;;;;;6.43;10.66;;
1993Jun;6.99;7.23;;6.81;10.56;9.06;6.95;23.38;7.61;11.67;;;;;6.59;;;
1993May;7.06;7.43;;6.83;11.22;9.46;7.18;23.88;7.83;12.46;;;;;6.67;;;
1993Apr;6.93;7.44;;6.68;11.49;9.77;7.15;24.38;8.11;13.11;;;;;6.60;;;
1993Mar;6.86;7.37;;6.66;11.36;9.87;7.33;24.50;8.62;12.90;;;;;6.56;;;
1993Feb;7.13;7.65;;6.94;11.43;10.27;7.77;24.50;9.26;13.06;;;;;6.87;;;
1993Jan;7.22;7.57;;7.15;12.15;10.92;7.92;24.50;9.88;13.43;;;;;7.13;;;