Year ,Country ,Interest_Rate,GPG,Employment_Males,Employment_Females,Employment_Total,Unemployment_Rate,GDP_Total,Min_Wage_Dummy,Min_Wage_Absolut,All_Government_Total_Spending_Mill_Euro,Spending_Defence,Spending_Economic_affairs,Spending_Education,Spending_Environmental_Protection,Spending_General_Public_Services,Spending_Health,Spending_Housing_and_Community,Spending_Public_Order_and_Safety,Spending_Recreation_Culture_Religion,Spending_Social_Protection,GPG_Including_Gov
2007,Austria,4.30,25.5,79.50,66.20,72.8,4.9,35.870,0,0,"139,842.5","2,146.5","16,770.6","13,304.0","1,314.2","21,478.7","20,902.8","1,104.1","3,685.1","4,029.2","55,107.3",NA
2008,Austria,4.36,25.1,80.10,67.60,73.8,4.1,36.280,0,0,"146,510.8","2,632.8","18,573.4","14,232.2","1,350.1","21,180.1","22,069.3","1,110.1","3,904.5","3,933.4","57,524.9",NA
2009,Austria,3.94,24.3,78.70,68.20,73.4,5.3,34.830,0,0,"155,960.8","2,040.0","22,132.1","14,709.3","1,577.1","22,494.0","22,584.3","1,224.1","4,038.1","3,994.0","61,168.0",NA
2010,Austria,3.23,24.0,79.00,68.80,73.9,4.8,35.390,0,0,"156,351.2","1,903.3","19,307.4","15,132.1","1,693.5","22,740.5","23,275.2","1,138.0","4,029.3","3,808.7","63,323.2",NA
2011,Austria,3.32,23.5,79.20,69.20,74.2,4.6,36.300,0,0,"157,845.9","1,928.9","19,044.7","15,455.1","1,504.8","22,859.9","23,729.5","1,124.7","4,102.4","3,917.0","64,179.0",NA
2012,Austria,2.37,22.9,79.30,69.60,74.4,4.9,36.390,0,0,"163,191.9","1,893.4","20,147.8","15,931.4","1,528.4","23,137.9","24,488.2","1,179.4","4,258.6","3,993.2","66,633.6",NA
2013,Austria,2.01,22.3,79.10,70.00,74.6,5.4,36.180,0,0,"167,292.1","2,013.4","20,532.6","16,269.2","1,457.2","23,355.5","25,194.8","1,128.5","4,279.8","4,059.5","69,001.6",NA
2014,Austria,1.49,22.2,78.30,70.10,74.2,5.6,36.130,0,0,"174,671.6","1,928.4","24,567.0","16,438.2","1,514.4","22,738.7","26,381.2","1,151.1","4,429.3","4,062.5","71,461.0",NA
2015,Austria,0.75,21.8,78.40,70.20,74.3,5.7,36.140,0,0,"176,030.0","1,912.1","21,180.4","16,962.0","1,397.7","23,388.9","28,235.0","1,209.2","4,624.5","4,183.2","72,937.0",NA
2016,Austria,0.38,20.8,78.70,70.90,74.8,6,36.390,0,0,"179,059.0","2,122.0","20,359.2","17,488.9","1,348.4","23,109.4","29,223.8","1,226.0","4,805.4","4,303.9","75,072.0",NA
2017,Austria,0.58,20.7,79.40,71.40,75.4,5.5,37.030,0,0,"182,091.3","2,192.1","21,614.5","17,862.7","1,324.0","22,172.9","30,239.1","1,180.5","5,039.2","4,390.1","76,076.2",NA
2018,Austria,0.69,20.4,80.70,71.70,76.2,4.9,37.800,0,0,"187,705.7","2,250.6","22,523.3","18,396.2","1,436.2","22,731.1","31,732.6","1,251.1","5,213.8","4,481.8","77,689.1",NA
2007,Belgium,4.33,10.1,75.00,60.30,67.7,7.5,33.760,1,1259,"166,872.0","3,485.4","19,297.2","18,961.7","2,787.0","29,903.8","23,235.8","1,510.5","5,756.9","4,193.3","57,740.3",NA
2008,Belgium,4.42,10.2,74.70,61.30,68.0,7,33.640,1,1309.6,"178,599.3","3,730.3","21,425.6","20,132.8","3,371.2","30,647.8","25,650.5","1,430.2","6,258.3","4,363.1","61,589.4",NA
2009,Belgium,3.90,10.1,73.20,61.00,67.1,7.9,32.700,1,1387.5,"189,453.8","3,484.0","23,443.4","21,070.5","3,611.4","31,551.4","27,147.1","1,437.5","6,563.0","4,602.5","66,543.1",NA
2010,Belgium,3.46,10.2,73.50,61.60,67.6,8.3,33.330,1,"1,387.5","195,653.4","3,529.1","24,724.5","21,936.3","4,441.5","31,380.8","28,164.3","1,602.5","6,734.7","4,670.3","68,469.2",NA
2011,Belgium,4.23,9.4,73.00,61.50,67.3,7.2,33.460,1,"1,415.24","207,927.1","3,561.0","28,348.4","23,355.9","5,679.3","32,982.3","29,086.8","1,221.7","6,969.1","4,887.7","71,834.8",NA
2012,Belgium,3.00,8.3,72.70,61.70,67.2,7.6,33.490,1,"1,443.54","218,102.2","3,574.6","30,117.2","24,158.2","6,086.4","33,840.3","30,647.3","1,583.4","7,201.9","5,286.4","75,606.4",NA
2013,Belgium,2.41,7.5,72.30,62.10,67.2,8.4,33.490,1,"1,501.82","220,470.1","3,630.9","27,645.4","25,044.7","6,058.7","33,900.9","31,489.1","1,484.9","7,344.1","5,091.6","78,779.9",NA
2014,Belgium,1.71,6.6,71.60,62.90,67.3,8.5,33.870,1,"1,501.82","224,069.4","3,530.0","29,685.4","25,436.1","5,487.0","33,950.8","32,370.6","1,439.3","7,360.9","5,099.8","79,709.4",NA
2015,Belgium,0.84,6.4,71.30,63.00,67.2,8.5,34.360,1,"1,501.82","223,850.1","3,450.0","28,587.0","26,282.1","5,271.2","33,422.2","32,639.4","1,178.8","7,166.7","5,054.9","80,798.0",NA
2016,Belgium,0.48,6.0,72.30,63.00,67.7,7.8,34.620,1,"1,501.82","228,541.8","3,457.5","28,708.6","26,674.5","5,154.7","34,123.8","32,766.6","1,417.2","7,300.3","5,399.2","83,539.5",NA
2017,Belgium,0.72,5.8,73.40,63.60,68.5,7.1,35.040,1,"1,531.93","231,707.1","3,520.7","28,655.5","27,852.8","5,721.5","31,732.1","33,817.4","1,356.3","7,503.9","5,545.6","86,001.2",NA
2018,Belgium,0.79,5.8,73.90,65.50,69.7,6,35.510,1,"1,562.59","239,635.7","3,480.1","30,284.2","28,618.1","5,860.2","32,663.8","34,906.4","1,517.7","7,870.3","5,776.9","88,658.1",NA
2007,Cyprus,4.48,22.0,86.40,67.70,76.8,3.9,24.420,0,0,"6,614.5",293.3,587.9,978.8,47.1,"1,554.2",460.0,404.6,328.3,202.1,"1,758.1",21.7
2008,Cyprus,4.60,19.5,85.20,68.20,76.5,3.7,24.680,0,0,"7,300.1",313.0,648.6,"1,138.6",51.5,"1,641.7",511.4,465.4,364.3,221.9,"1,943.7",19.6
2009,Cyprus,4.60,17.8,82.80,68.30,75.3,5.4,23.550,0,0,"7,862.4",330.0,652.1,"1,186.7",54.6,"1,773.8",552.1,546.4,386.3,224.9,"2,155.5",18
2010,Cyprus,4.60,16.8,81.70,68.80,75.0,6.3,23.400,0,0,"8,114.5",423.6,704.4,"1,259.7",58.3,"1,603.4",575.5,491.6,418.7,222.1,"2,357.2",16.6
2011,Cyprus,5.79,16.1,79.60,67.70,73.4,7.9,22.900,0,0,"8,355.3",376.7,703.0,"1,242.5",60.6,"1,742.8",606.9,483.2,404.4,233.4,"2,501.8",16.1
2012,Cyprus,7.00,15.6,76.10,64.80,70.2,11.9,21.780,0,0,"8,167.3",358.3,578.2,"1,149.3",54.1,"1,925.0",580.5,407.3,387.4,194.8,"2,532.4",15.5
2013,Cyprus,6.50,14.9,72.60,62.20,67.2,15.9,20.400,0,0,"7,769.4",301.7,740.2,"1,142.8",44.0,"1,643.4",556.2,348.9,389.8,164.4,"2,438.0",14.9
2014,Cyprus,6.00,14.2,71.60,63.90,67.6,16.1,20.250,0,0,"8,591.7",278.2,"1,987.3",974.3,45.8,"1,569.3",466.0,388.6,308.8,153.6,"2,419.9",14.4
2015,Cyprus,4.54,13.2,72.30,64.00,67.9,15,21.020,0,0,"7,242.6",264.3,612.2,"1,006.0",62.8,"1,631.1",455.6,320.3,304.9,162.3,"2,423.1",13.5
2016,Cyprus,3.77,12.3,73.80,64.10,68.7,13,22.270,0,0,"7,098.4",292.3,499.6,"1,037.5",46.3,"1,493.0",474.8,274.5,309.0,163.9,"2,507.5",12.6
2017,Cyprus,2.62,11.2,75.70,66.20,70.8,11.1,23.200,0,0,"7,395.5",416.0,481.7,"1,066.0",55.6,"1,499.0",506.3,307.9,329.3,174.3,"2,559.4",11.5
2018,Cyprus,2.18,10.4,79.30,68.90,73.9,8.4,24.120,0,0,"9,213.3",399.9,"2,099.6","1,107.4",55.8,"1,478.2",568.9,321.9,361.8,178.2,"2,641.6",11
2007,Estonia ,NA,30.90,81.40,72.60,76.9,4.6,13.270,1,230.08,"5,532.6",205.0,715.5,940.9,140.2,547.8,708.5,95.2,347.5,337.7,"1,494.4",29.5
2008,Estonia ,NA,27.60,81.50,72.90,77.1,5.5,12.640,1,278.02,"6,555.9",280.4,817.6,"1,077.4",178.7,525.6,851.2,96.0,442.0,391.8,"1,895.3",26.6
2009,Estonia ,NA,26.60,71.00,69.00,70.0,13.5,10.830,1,278.02,"6,479.8",312.8,886.7,991.7,108.9,530.6,782.3,6.7,331.9,348.1,"2,180.1",25.4
2010,Estonia ,NA,27.70,67.80,65.90,66.8,16.7,11.150,1,278.02,"5,936.9",254.2,686.8,960.7,-38.1,485.9,777.7,69.9,321.5,324.0,"2,094.4",26.1
2011,Estonia ,NA,27.30,73.50,67.80,70.6,12.3,12.010,1,278.02,"6,241.4",249.5,753.4,"1,014.8",-28.7,568.1,822.7,90.7,343.4,332.7,"2,094.8",25.8
2012,Estonia ,NA,29.90,75.10,69.40,72.2,10,12.430,1,290,"7,031.5",324.6,825.9,"1,098.1",158.3,714.6,895.0,118.1,364.0,334.3,"2,198.8",28.2
2013,Estonia ,NA,29.80,76.70,70.10,73.3,8.6,12.640,1,320,"7,266.3",343.9,874.5,"1,117.6",126.0,748.1,946.4,113.5,353.7,396.2,"2,246.5",28.2
2014,Estonia ,NA,28.10,78.30,70.60,74.3,7.4,13.060,1,355,"7,571.1",355.2,924.0,"1,106.9",137.0,782.2,"1,019.5",102.8,384.8,405.6,"2,353.3",26.4
2015,Estonia ,NA,26.70,80.50,72.60,76.5,6.2,13.330,1,390,"8,154.5",385.5,966.8,"1,221.6",149.5,831.3,"1,122.1",73.7,366.8,412.0,"2,625.3",24.8
2016,Estonia ,NA,24.80,80.80,72.60,76.6,6.8,13.730,1,430,"8,564.6",510.4,928.8,"1,230.5",129.0,862.3,"1,118.9",74.3,415.9,448.6,"2,845.9",23.4
2017,Estonia ,NA,24.90,82.40,75.10,78.7,5.8,14.480,1,470,"9,352.3",480.8,"1,119.7","1,354.8",175.3,916.4,"1,187.2",84.8,453.1,511.3,"3,068.8",23.7
2018,Estonia ,NA,21.80,83.40,75.60,79.5,5.4,15.070,1,500,"10,180.9",525.2,"1,038.8","1,611.6",193.4,"1,002.0","1,337.7",86.2,481.8,510.8,"3,393.4",20.7
2007,Finland,4.29,20.2,77.20,72.50,74.8,6.9,37.210,0,0,"87,119.0","2,528.0","8,276.0","10,790.0",597.0,"12,447.0","12,095.0",606.0,"2,208.0","1,959.0","35,613.0",20.1
2008,Finland,4.29,20.5,78.40,73.10,75.8,6.4,37.330,0,0,"93,006.0","2,790.0","9,007.0","11,309.0",594.0,"13,525.0","13,016.0",774.0,"2,415.0","2,100.0","37,476.0",20.2
2009,Finland,3.74,20.8,74.70,72.40,73.5,8.2,34.150,0,0,"98,310.0","2,883.0","9,003.0","11,779.0",619.0,"14,046.0","13,463.0",889.0,"2,534.0","2,154.0","40,940.0",20.3
2010,Finland,3.01,20.3,74.50,71.50,73.0,8.4,35.080,0,0,"101,422.0","2,817.0","9,132.0","12,303.0",520.0,"14,405.0","13,790.0",916.0,"2,730.0","2,297.0","42,512.0",20
2011,Finland,3.01,19.1,75.60,71.90,73.8,7.8,35.810,0,0,"106,241.0","2,715.0","9,449.0","12,720.0",480.0,"15,788.0","14,580.0","1,007.0","2,649.0","2,361.0","44,492.0",18.6
2012,Finland,1.89,19.2,75.50,72.50,74.0,7.7,35.140,0,0,"111,456.0","2,992.0","9,779.0","12,869.0",496.0,"16,399.0","15,504.0",868.0,"2,734.0","2,400.0","47,415.0",18.8
2013,Finland,1.86,18.8,74.70,71.90,73.3,8.2,34.660,0,0,"116,102.0","2,988.0","9,849.0","13,004.0",522.0,"16,903.0","15,997.0",809.0,"2,754.0","3,014.0","50,262.0",18.5
2014,Finland,1.45,18.4,74.00,72.10,73.1,8.7,34.390,0,0,"118,504.0","2,863.0","10,131.0","13,118.0",521.0,"17,076.0","16,159.0",813.0,"2,658.0","2,981.0","52,184.0",18.2
2015,Finland,0.72,17.5,73.90,71.80,72.9,9.4,34.460,0,0,"119,415.0","2,760.0","10,004.0","13,095.0",499.0,"17,683.0","15,406.0",859.0,"2,620.0","3,076.0","53,413.0",17.3
2016,Finland,0.37,17.6,75.00,71.70,73.4,8.8,35.330,0,0,"120,975.0","2,887.0","9,766.0","13,158.0",493.0,"17,226.0","15,614.0",678.0,"2,581.0","3,146.0","55,426.0",17.3
2017,Finland,0.55,17.2,75.90,72.40,74.2,8.6,36.400,0,0,"121,319.0","2,814.0","9,719.0","12,786.0",453.0,"17,540.0","15,868.0",732.0,"2,550.0","3,311.0","55,546.0",16.9
2018,Finland,0.66,17.1,78.20,74.50,76.3,7.4,36.900,0,0,"124,400.0","2,782.0","9,929.0","12,878.0",462.0,"18,647.0","16,410.0",687.0,"2,590.0","3,435.0","56,580.0",16.7
2007,France,4.30,17.3,74.70,64.30,69.4,8,31.400,1,"1,254.28","1,020,484.0","33,654.0","83,866.0","102,980.0","16,875.0","139,319.0","144,882.0","22,379.0","28,333.0","27,576.0","420,621.0",NA
2008,France,4.23,16.9,75.10,65.00,69.9,7.4,31.310,1,"1,280.07","1,061,865.0","34,324.0","91,519.0","107,335.0","17,795.0","143,589.0","148,414.0","24,226.0","30,654.0","28,728.0","435,282.0",NA
2009,France,3.65,15.2,73.80,64.40,69.0,9.1,30.250,1,"1,321.02","1,106,702.0","36,546.0","96,077.0","109,780.0","19,207.0","141,521.0","154,054.0","28,402.0","32,186.0","29,899.0","459,029.0",NA
2010,France,3.12,15.6,73.60,64.30,68.9,9.3,30.690,1,"1,343.77","1,134,957.0","37,225.0","102,786.0","112,590.0","19,833.0","138,295.0","159,197.0","27,996.0","33,578.0","31,087.0","472,371.0",15.5
2011,France,3.32,15.7,73.60,64.10,68.8,9.2,31.210,1,"1,365","1,158,671.0","36,727.0","100,680.0","112,801.0","20,406.0","142,692.0","163,277.0","28,794.0","33,698.0","31,764.0","487,832.0",15
2012,France,2.54,15.6,73.50,64.60,68.9,9.8,31.160,1,"1,398.37","1,192,859.0","37,525.0","107,888.0","114,641.0","21,009.0","145,535.0","167,197.0","27,646.0","33,949.0","32,702.0","504,765.0",15
2013,France,2.20,15.5,73.20,64.90,69.0,10.3,31.170,1,"1,430.22","1,211,622.0","37,523.0","107,019.0","116,295.0","21,651.0","145,409.0","170,642.0","26,931.0","34,546.0","33,824.0","517,782.0",15.2
2014,France,1.67,15.5,73.10,65.60,69.2,10.3,31.320,1,"1,445.38","1,229,959.0","36,191.0","115,486.0","118,005.0","21,995.0","141,397.0","176,045.0","25,820.0","35,099.0","33,133.0","526,788.0",15.4
2015,France,0.84,15.3,73.20,66.00,69.5,10.4,31.540,1,"1,457.52","1,248,656.0","38,499.0","125,596.0","119,736.0","22,083.0","138,079.0","177,606.0","24,651.0","35,669.0","31,552.0","535,187.0",15.3
2016,France,0.47,15.5,73.80,66.40,70.0,10,31.770,1,"1,466.62","1,264,297.0","41,160.0","124,723.0","120,823.0","21,113.0","136,793.0","181,527.0","24,241.0","36,399.0","31,460.0","546,056.0",15.5
2017,France,0.81,15.6,74.60,66.80,70.6,9.4,32.380,1,"1,480.27","1,293,953.0","40,995.0","135,054.0","123,860.0","21,498.0","137,427.0","186,763.0","23,488.0","37,514.0","32,458.0","554,895.0",15.5
2018,France,0.78,15.8,75.20,67.60,71.3,9,32.860,1,"1,498.47","1,318,613.0","41,385.0","135,372.0","120,549.0","24,051.0","145,465.0","191,199.0","26,641.0","39,122.0","32,629.0","562,199.0",15.6
2007,Germany,4.22,22.8,79.10,66.70,72.9,8.7,31.920,0,0,"1,084,748.0","22,122.0","83,523.0","98,044.0","12,787.0","152,920.0","158,885.0","20,012.0","36,932.0","27,012.0","472,511.0",NA
2008,Germany,3.98,22.8,80.10,67.80,74.0,7.5,32.320,0,0,"1,125,536.0","22,936.0","93,250.0","100,453.0","12,952.0","167,633.0","164,972.0","18,341.0","37,852.0","28,224.0","478,923.0",NA
2009,Germany,3.22,22.6,79.60,68.70,74.2,7.8,30.580,0,0,"1,178,850.0","24,438.0","102,016.0","106,146.0","14,274.0","166,545.0","174,635.0","16,300.0","39,546.0","28,914.0","506,036.0",NA
2010,Germany,2.74,22.3,80.40,69.70,75.0,7,31.940,0,0,"1,234,544.0","24,540.0","131,561.0","112,330.0","14,387.0","173,097.0","179,617.0","14,954.0","40,203.0","29,393.0","514,462.0",20.8
2011,Germany,2.61,22.4,81.70,71.30,76.5,5.8,33.200,0,0,"1,218,524.0","25,196.0","100,250.0","115,689.0","15,745.0","184,934.0","183,785.0","13,850.0","41,179.0","29,458.0","508,438.0",20.9
2012,Germany,1.50,22.7,82.10,71.60,76.9,5.4,33.280,0,0,"1,233,138.0","30,258.0","93,789.0","117,102.0","15,741.0","184,853.0","188,188.0","12,527.0","42,335.0","29,427.0","518,918.0",21.5
2013,Germany,1.57,22.1,82.10,72.50,77.3,5.2,33.330,0,0,"1,263,544.0","29,769.0","93,012.0","122,448.0","16,354.0","183,524.0","198,927.0","12,001.0","44,262.0","29,337.0","533,910.0",20.8
2014,Germany,1.16,22.3,82.20,73.10,77.7,5,33.920,0,0,"1,296,940.0","28,138.0","93,796.0","126,197.0","16,671.0","184,629.0","209,452.0","11,610.0","45,641.0","30,655.0","550,151.0",21.1
2015,Germany,0.50,21.8,82.30,73.60,78.0,4.6,34.130,1,"1,440","1,334,518.0","29,158.0","96,332.0","126,900.0","16,809.0","180,326.0","217,750.0","11,581.0","46,649.0","31,017.0","577,996.0",20.6
2016,Germany,0.09,21.1,82.70,74.50,78.6,4.1,34.610,1,"1,440","1,388,482.0","30,582.0","100,794.0","129,949.0","17,483.0","181,607.0","225,752.0","11,659.0","48,522.0","31,604.0","610,530.0",20.1
2017,Germany,0.32,20.4,83.10,75.20,79.2,3.8,35.380,1,"1,498","1,441,419.0","33,174.0","104,508.0","133,370.0","19,045.0","187,737.0","233,367.0","12,717.0","49,463.0","33,113.0","634,925.0",19.4
2018,Germany,0.40,20.1,83.90,75.80,79.9,3.4,35.720,1,"1,498","1,490,498.0","35,542.0","113,065.0","139,393.0","19,933.0","189,065.0","242,166.0","14,064.0","52,099.0","35,157.0","650,014.0",19
2007,Greece,4.50,21.5,80.10,51.70,65.8,8.4,22.500,1,730.3,"109,528.0","6,436.0","9,847.0","8,357.0","1,847.0","27,076.0","13,989.0",508.0,"3,478.0","1,432.0","36,558.0",NA
2008,Greece,4.80,22.0,80.10,52.60,66.3,7.8,22.370,1,794.02,"123,041.0","7,241.0","13,802.0","9,130.0","2,199.0","27,657.0","15,629.0",622.0,"3,839.0","1,682.0","41,240.0",NA
2009,Greece,5.17,NA,78.50,52.90,65.6,9.6,21.350,1,817.83,"128,469.0","7,883.0","12,824.0","9,810.0","2,087.0","28,715.0","16,184.0",884.0,"4,237.0","1,561.0","44,284.0",NA
2010,Greece,9.09,NA,76.00,51.80,63.8,12.7,20.150,1,862.82,"118,690.0","6,069.0","10,067.0","9,280.0","1,748.0","27,772.0","15,507.0",446.0,"4,036.0","1,258.0","42,507.0",15
2011,Greece,15.75,NA,70.80,48.70,59.6,17.9,18.130,1,862.82,"112,064.0","4,955.0","9,046.0","9,182.0","1,749.0","26,612.0","13,429.0",384.0,"3,587.0","1,274.0","41,846.0",NA
2012,Greece,22.50,NA,65.00,45.20,55.0,24.5,16.940,1,876.62,"106,669.0","4,610.0","13,821.0","8,632.0","2,092.0","20,988.0","11,177.0",431.0,"3,539.0","1,210.0","40,169.0",NA
2013,Greece,10.05,NA,62.70,43.30,52.9,27.5,16.600,1,683.76,"112,674.0","3,879.0","30,029.0","8,086.0","3,058.0","17,794.0","9,457.0",528.0,"3,372.0","1,118.0","35,353.0",NA
2014,Greece,6.93,12.5,62.60,44.30,53.3,26.5,16.820,1,683.76,"89,815.0","4,757.0","7,049.0","7,674.0","2,621.0","17,847.0","8,400.0",490.0,"3,763.0","1,155.0","36,059.0",NA
2015,Greece,9.67,NA,64.00,46.00,54.9,24.9,16.870,1,683.76,"94,936.0","4,443.0","13,168.0","7,313.0","2,598.0","17,784.0","8,363.0",417.0,"3,694.0","1,234.0","35,922.0",NA
2016,Greece,8.36,NA,65.80,46.80,56.2,23.6,16.850,1,683.76,"86,480.0","3,706.0","7,325.0","6,950.0","2,551.0","15,691.0","8,775.0",369.0,"3,792.0","1,256.0","36,065.0",NA
2017,Greece,5.98,NA,67.70,48.00,57.8,21.5,17.100,1,683.76,"85,492.0","4,486.0","6,554.0","6,869.0","2,405.0","15,215.0","9,381.0",334.0,"3,801.0","1,351.0","35,096.0",NA
2018,Greece,4.18,NA,70.10,49.10,59.5,19.3,17.400,1,683.76,"86,746.0","3,751.0","8,065.0","7,184.0","2,397.0","15,332.0","9,220.0",382.0,"3,806.0","1,464.0","35,145.0",7.4
2007,Ireland,4.31,17.3,84.20,65.80,75.1,5,41.280,1,"1,402.7","70,875.5",745.1,"7,106.9","8,527.5","1,995.8","6,681.1","12,279.9","3,365.4","2,969.8","1,335.0","25,868.9",17.6
2008,Ireland,4.53,12.6,81.40,65.40,73.5,6.8,38.600,1,"1,461.85","78,569.3",831.4,"9,704.6","8,869.6","2,004.2","7,210.7","12,987.9","3,058.8","3,282.9","1,535.9","29,083.3",12.5
2009,Ireland,5.23,12.6,73.10,62.90,68.0,12.6,36.300,1,"1,461.85","80,026.6",707.0,"10,985.4","7,969.2","1,785.5","7,805.3","13,355.2","2,152.2","2,948.4","1,600.2","30,718.2",12.3
2010,Ireland,5.74,13.9,69.90,61.10,65.5,14.6,36.770,1,"1,461.85","109,160.1",595.8,"41,983.3","7,739.1","1,601.1","8,687.1","12,504.8","2,006.9","2,788.6","1,449.4","29,803.9",13.3
2011,Ireland,9.60,12.7,68.90,60.20,64.6,15.4,36.840,1,"1,461.85","79,695.9",702.7,"12,841.0","8,685.2","1,284.9","9,816.9","12,986.2","1,415.5","2,702.3","1,457.2","27,804.1",13.1
2012,Ireland,6.17,12.2,68.80,60.20,64.5,15.5,36.740,1,"1,461.85","73,686.7",682.9,"5,494.1","8,632.6","1,252.2","11,237.3","13,131.5","1,256.1","2,571.7","1,402.9","28,025.4",12.6
2013,Ireland,3.79,12.9,71.80,61.30,66.5,13.8,37.010,1,"1,461.85","72,607.1",682.7,"5,412.0","8,531.3","1,039.7","11,480.0","13,002.5","1,154.1","2,568.4","1,411.3","27,325.1",13.1
2014,Ireland,2.37,13.9,74.10,62.30,68.1,11.9,39.920,1,"1,461.85","73,145.5",769.6,"5,792.0","8,436.5","1,011.0","11,380.6","13,261.8","1,463.1","2,629.2","1,425.7","26,975.9",14.1
2015,Ireland,1.18,13.9,76.10,63.80,69.9,10,49.510,1,"1,461.85","76,007.0",803.0,"8,077.4","8,664.5","1,047.1","10,674.9","13,799.7","1,467.3","2,752.4","1,454.5","27,266.1",14.2
2016,Ireland,0.74,14.2,77.50,65.40,71.4,8.4,49.930,1,"1,546.35","75,361.8",836.6,"6,560.4","9,060.5","1,089.4","10,168.2","14,264.4","1,442.6","2,854.6","1,556.1","27,529.0",14.3
2017,Ireland,0.80,14.4,79.10,67.00,73.0,6.7,53.890,1,"1,563.25","77,481.3",825.1,"6,513.6","9,563.5","1,114.9","10,062.3","15,074.4","1,517.7","3,012.7","1,555.1","28,241.9",14.6
2018,Ireland,0.95,NA,80.30,68.10,74.1,5.8,57.780,1,"1,613.95","82,168.6",973.5,"7,541.2","10,350.9","1,213.9","10,014.5","16,265.2","1,673.2","3,305.3","1,719.5","29,111.3",NA
2007,Italy,4.49,5.1,75.70,49.90,62.7,6.1,28.730,0,0,"755,481.0","19,293.0","65,027.5","71,383.4","12,027.0","147,747.0","107,875.0","10,422.7","29,087.0","11,645.4","280,973.0",NA
2008,Italy,4.68,4.9,75.30,50.60,62.9,6.7,28.230,0,0,"783,371.0","21,481.0","63,678.3","70,194.5","12,803.0","155,198.0","114,795.0","10,457.9","28,730.0","11,667.3","294,366.0",NA
2009,Italy,4.31,5.5,73.70,49.70,61.6,7.8,26.590,0,0,"806,150.0","23,554.0","69,693.3","71,440.2","13,210.0","146,010.0","117,042.0","11,589.7","30,767.0","11,767.8","311,076.0",NA
2010,Italy,4.04,5.3,72.70,49.50,61.0,8.4,26.930,0,0,"804,476.0","22,068.0","64,277.5","70,035.8","13,463.0","144,438.0","119,013.0","12,173.0","31,028.0","10,739.7","317,240.0",NA
2011,Italy,5.42,5.7,72.50,49.90,61.0,8.4,27.020,0,0,"810,766.0","22,502.0","64,684.5","66,950.0","14,035.0","150,237.0","117,262.0","10,650.0","31,631.0","10,610.5","322,204.0",NA
2012,Italy,5.49,6.5,71.50,50.50,60.9,10.7,26.090,0,0,"821,764.0","20,837.0","64,375.5","65,888.4","13,962.0","160,714.0","115,527.0","11,119.5","30,412.0","9,931.6","328,997.0",NA
2013,Italy,4.32,7.0,69.70,49.90,59.7,12.2,25.480,0,0,"821,721.0","19,732.0","63,986.0","65,912.0","14,897.0","154,706.0","114,796.0","9,234.0","30,502.0","10,758.0","337,198.0",NA
2014,Italy,2.89,6.1,69.70,50.30,59.9,12.7,25.420,0,0,"827,625.0","19,342.0","65,523.4","65,733.6","14,643.0","153,704.0","115,948.0","8,244.8","30,148.0","10,648.2","343,690.0",7.4
2015,Italy,1.71,5.5,70.60,50.60,60.5,11.9,25.640,0,0,"832,927.0","19,710.0","70,791.4","66,178.9","14,936.0","142,265.0","116,401.0","8,326.1","30,654.0","11,408.6","352,256.0",NA
2016,Italy,1.49,5.3,71.70,51.60,61.6,11.7,26.020,0,0,"830,749.0","21,980.0","65,880.2","66,108.3","14,794.0","139,382.0","117,332.0","7,718.9","30,740.0","13,026.6","353,787.0",NA
2017,Italy,2.11,5.0,72.30,52.50,62.3,11.2,26.490,0,0,"845,054.0","22,284.0","70,874.2","67,602.1","14,604.0","139,633.0","118,745.0","7,647.6","31,381.0","12,971.1","359,312.0",NA
2018,Italy,2.61,3.9,72.90,53.10,63.0,10.6,26.780,0,0,"854,602.0","22,117.0","67,291.6","69,829.9","14,808.0","138,674.0","120,911.0","8,184.6","32,483.0","13,445.9","366,857.0",4.8
2007,Latvia,5.28,13.60,80.50,70.30,75.2,6.1,10.250,1,172.12,"7,729.1",319.5,"1,116.2","1,260.6",199.2,896.0,914.2,277.0,559.8,384.4,"1,802.1",NA
2008,Latvia,6.43,11.8,79.30,71.90,75.4,7.7,10.010,1,229.75,"9,203.3",357.9,"1,620.9","1,539.6",201.5,954.3,"1,055.4",293.0,529.6,443.1,"2,208.1",NA
2009,Latvia,12.36,13.1,66.80,66.50,66.6,17.5,8.730,1,254.13,"8,355.2",222.7,"1,566.6","1,260.4",34.8,870.4,860.6,198.7,386.5,330.0,"2,624.6",NA
2010,Latvia,10.34,15.50,64.00,64.50,64.3,19.5,8.520,1,253.77,"8,073.7",188.1,"1,704.3","1,106.1",53.1,851.3,744.9,263.2,343.6,291.5,"2,527.6",13.2
2011,Latvia,5.91,14.1,67.50,65.30,66.3,16.2,9.240,1,281.93,"8,152.7",199.8,"1,397.5","1,184.8",137.9,945.6,831.4,260.1,371.0,352.0,"2,472.7",12
2012,Latvia,4.57,14.90,70.00,66.40,68.1,15,9.750,1,285.92,"8,374.8",198.2,"1,321.3","1,263.7",160.6,"1,058.8",858.0,271.4,396.4,336.5,"2,509.9",13
2013,Latvia,3.34,16.00,71.90,67.70,69.7,11.9,10.080,1,286.66,"8,611.9",206.5,"1,299.9","1,310.3",151.7,"1,098.2",836.4,277.1,439.0,359.4,"2,633.5",14.2
2014,Latvia,2.51,17.30,73.10,68.50,70.7,10.8,10.290,1,320,"8,987.3",211.4,"1,320.1","1,394.4",160.5,"1,166.2",898.2,261.2,475.6,398.7,"2,700.9",15.8
2015,Latvia,0.96,18.40,74.60,70.50,72.5,9.9,10.790,1,360,"9,269.7",249.4,"1,263.0","1,442.5",161.8,"1,225.9",915.1,238.5,486.1,393.3,"2,894.2",16.3
2016,Latvia,0.53,19.70,74.70,71.80,73.2,9.6,11.150,1,370,"9,240.2",410.6,"1,204.0","1,369.1",134.7,"1,066.3",935.4,222.6,540.2,360.9,"2,996.5",17.8
2017,Latvia,0.83,19.80,77.00,72.70,74.8,8.7,11.620,1,380,"10,186.0",446.1,"1,495.6","1,554.1",146.5,"1,075.9",947.1,292.8,628.8,448.0,"3,151.2",17.9
2018,Latvia,0.90,19.60,79.00,74.80,76.8,7.4,12.180,1,430,"11,224.9",616.3,"1,585.5","1,695.8",168.5,"1,164.2","1,171.5",324.6,640.5,471.3,"3,386.6",17.6
2007,Lithuania,4.54,22.60,76.60,69.10,72.7,4.3,9.770,1,173.77,"10,238.5",535.6,"1,211.1","1,543.0",255.5,"1,175.3","1,523.7",85.6,491.9,299.7,"3,117.1",21.2
2008,Lithuania,5.61,21.60,75.60,68.70,72.0,5.8,10.130,1,231.7,"12,454.3",456.8,"1,512.7","2,006.6",274.9,"1,295.9","1,832.9",122.9,614.8,366.6,"3,970.3",20.5
2009,Lithuania,14.00,15.30,66.80,67.20,67.0,13.8,8.720,1,231.7,"12,090.6",366.7,"1,061.4","1,949.7",319.2,"1,197.3","1,800.4",131.6,515.3,328.9,"4,420.1",15
2010,Lithuania,5.57,11.9,63.50,65.00,64.3,17.8,9.050,1,231.7,"11,881.4",305.6,"1,286.4","1,657.4",375.5,"1,418.2","1,947.7",89.8,520.0,267.7,"4,013.1",12
2011,Lithuania,5.16,11.5,67.20,66.60,66.9,15.4,9.820,1,231.7,"13,313.6",300.9,"2,439.2","1,746.8",231.7,"1,622.1","2,077.4",86.6,578.0,297.8,"3,933.1",11.3
2012,Lithuania,4.83,11.9,69.10,67.90,68.5,13.4,10.330,1,231.7,"12,072.2",312.3,"1,143.0","1,810.4",269.1,"1,594.4","1,963.2",83.7,587.6,272.9,"4,035.5",11.4
2013,Lithuania,3.83,12.2,71.20,68.60,69.9,11.8,10.810,1,289.62,"12,436.6",320.1,"1,524.8","1,836.2",163.5,"1,690.4","1,970.8",88.2,569.5,286.4,"3,986.6",11.5
2014,Lithuania,2.79,13.3,73.10,70.60,71.8,10.7,11.290,1,289.62,"12,693.1",348.5,"1,280.2","1,841.8",205.3,"1,745.5","2,014.1",123.0,603.9,327.0,"4,203.8",12.4
2015,Lithuania,1.38,14.2,74.60,72.20,73.3,9.1,11.620,1,300,"13,104.6",469.5,"1,409.0","1,894.3",201.1,"1,718.2","2,161.2",118.9,605.2,351.3,"4,175.8",13
2016,Lithuania,0.90,14.4,76.20,74.30,75.2,7.9,12.070,1,350,"13,294.5",574.9,"1,266.8","1,858.4",185.9,"1,681.5","2,256.7",142.4,570.1,397.1,"4,360.7",13.5
2017,Lithuania,0.31,15.2,76.50,75.50,76.0,7.1,12.760,1,380,"14,020.4",686.7,"1,277.2","1,920.6",174.7,"1,578.4","2,385.4",179.4,621.4,453.8,"4,742.9",14.3
2018,Lithuania,0.31,14.0,79.00,76.70,77.8,6.2,13.390,1,400,"15,412.3",782.8,"1,351.3","2,067.2",142.6,"1,583.1","2,677.1",226.0,623.4,503.8,"5,455.1",13.2
2007,Luxembourg,4.46,10.2,78.30,61.00,69.6,4.1,84.420,1,"1,570.28","14,055.7",88.9,"1,710.8","1,665.4",402.6,"1,724.3","1,595.9",226.0,331.6,462.4,"5,847.8",NA
2008,Luxembourg,4.61,9.7,77.20,60.10,68.8,5.1,81.880,1,"1,570.28","15,135.4",101.4,"1,720.6","1,847.6",432.6,"1,871.2","1,678.6",258.2,358.0,450.4,"6,416.9",NA
2009,Luxembourg,4.23,9.2,79.00,61.50,70.4,5.1,76.900,1,"1,641.74","16,692.5",117.5,"2,003.0","2,035.6",475.4,"1,887.4","1,875.6",315.1,379.4,502.3,"7,101.3",NA
2010,Luxembourg,3.17,8.7,79.20,62.00,70.7,4.4,79.160,1,"1,682.76","17,728.8",213.1,"2,073.6","2,305.4",460.7,"2,043.3","1,954.0",322.8,419.4,492.2,"7,444.3",NA
2011,Luxembourg,2.92,7.9,78.10,61.90,70.1,4.9,79.310,1,"1,757.56","18,287.2",180.2,"2,042.2","2,404.4",469.9,"2,183.4","2,009.9",339.9,438.8,479.9,"7,738.4",NA
2012,Luxembourg,1.82,7.0,78.50,64.10,71.4,5.1,77.240,1,"1,801.49","19,440.1",166.6,"2,144.3","2,553.0",500.0,"2,377.0","2,142.0",333.5,452.4,523.0,"8,248.3",NA
2013,Luxembourg,1.85,6.2,78.00,63.90,71.1,5.9,78.030,1,"1,874.19","20,144.5",160.7,"2,399.9","2,380.1",470.5,"2,354.0","2,416.1",243.0,474.1,589.8,"8,656.2",NA
2014,Luxembourg,1.34,5.4,78.40,65.50,72.1,5.9,79.490,1,"1,921.03","20,909.3",149.8,"2,652.9","2,342.1",452.0,"2,439.7","2,473.6",288.0,494.6,593.6,"9,022.9",NA
2015,Luxembourg,0.37,4.7,76.70,65.00,70.9,6.7,81.300,1,"1,922.96","21,606.5",141.8,"2,822.9","2,419.3",422.4,"2,478.7","2,458.5",271.2,526.0,590.0,"9,475.6",NA
2016,Luxembourg,0.25,3.9,76.10,65.10,70.7,6.3,82.880,1,"1,922.96","22,307.8",193.1,"2,966.9","2,444.8",399.7,"2,675.5","2,521.3",276.7,542.8,648.4,"9,638.7",NA
2017,Luxembourg,0.54,2.6,75.40,67.50,71.5,5.5,82.550,1,"1,998.59","23,757.0",207.9,"3,150.1","2,584.9",481.0,"2,767.0","2,703.0",298.6,589.6,696.7,"10,278.4",2.9
2018,Luxembourg,0.56,1.4,76.00,68.00,72.1,5.6,83.470,1,"1,998.59","25,188.3",289.5,"3,151.7","2,761.1",523.4,"3,055.2","2,847.8",347.2,659.2,752.5,"10,800.8",1.6
2007,Malta,4.72,7.8,79.00,37.70,58.6,6.5,15.470,1,601.9,"2,368.8",35.6,304.3,301.1,93.2,399.4,315.7,37.2,80.3,31.6,770.4,NA
2008,Malta,4.81,9.2,78.50,39.40,59.2,6,15.960,1,617.21,"2,613.0",38.1,408.0,317.4,94.3,449.1,322.7,43.4,86.0,38.2,815.7,NA
2009,Malta,4.54,7.7,77.50,40.00,59.0,6.9,15.660,1,634.88,"2,570.9",53.9,268.9,328.9,96.4,482.0,315.0,20.7,89.5,44.9,870.6,NA
2010,Malta,4.19,7.2,78.20,41.60,60.1,6.9,16.440,1,659.92,"2,710.0",50.4,292.6,371.2,128.3,449.2,346.8,21.6,92.3,51.5,906.0,NA
2011,Malta,4.49,7.7,79.00,43.80,61.6,6.4,16.450,1,664.95,"2,819.2",56.0,301.1,391.0,87.5,492.6,370.4,23.6,94.5,58.3,944.2,NA
2012,Malta,4.13,9.5,79.40,48.00,63.9,6.2,16.970,1,685.14,"3,061.8",50.6,362.0,415.6,100.9,532.8,395.0,32.0,102.0,66.2,"1,004.7",NA
2013,Malta,3.36,9.7,80.30,51.70,66.2,6.1,17.650,1,702.82,"3,206.9",49.1,387.3,441.3,104.4,535.5,434.7,25.8,106.6,68.1,"1,054.2",NA
2014,Malta,2.61,10.6,81.10,54.30,67.9,5.7,18.610,1,717.95,"3,494.2",62.9,434.4,469.5,126.3,579.7,484.1,27.6,111.1,88.3,"1,110.4",NA
2015,Malta,1.49,10.7,82.10,55.30,69.0,5.4,19.920,1,720.46,"3,818.1",77.9,477.3,509.1,187.4,614.8,538.8,35.3,112.7,112.2,"1,152.7",NA
2016,Malta,0.89,11.6,83.50,58.00,71.1,4.7,20.260,1,728.04,"3,777.7",60.8,454.0,540.0,99.0,620.7,558.0,26.7,116.7,101.3,"1,200.4",NA
2017,Malta,1.28,13.2,84.70,60.60,73.0,4,21.280,1,735.63,"4,053.5",70.9,516.8,557.8,104.7,622.3,614.0,29.1,126.2,132.4,"1,279.3",NA
2018,Malta,1.39,13.0,86.00,64.10,75.5,3.7,21.540,1,747.54,"4,528.5",63.3,679.9,644.8,153.6,639.6,661.4,54.0,152.1,130.0,"1,349.8",11.8
2007,Netherlands,4.29,19.3,83.20,67.70,75.5,4.2,39.120,1,"1,300.8","262,142.0","7,879.0","26,154.0","31,149.0","9,440.0","34,205.0","41,733.0","2,866.0","11,238.0","8,194.0","89,284.0",19.7
2008,Netherlands,4.23,18.9,84.40,69.40,76.9,3.7,39.810,1,"1,335","278,995.0","8,086.0","28,106.0","33,344.0","9,948.0","37,045.0","42,536.0","3,520.0","11,862.0","9,233.0","95,315.0",19.3
2009,Netherlands,3.69,18.5,83.60,69.90,76.8,4.4,38.160,1,"1,381.2","297,321.0","8,529.0","32,935.0","34,789.0","10,612.0","34,679.0","46,478.0","4,612.0","12,561.0","9,764.0","102,362.0",18.9
2010,Netherlands,2.99,17.8,82.50,69.80,76.2,5,38.470,1,"1,407.6","305,938.0","8,126.0","32,386.0","35,630.0","10,177.0","36,555.0","49,696.0","4,191.0","12,430.0","9,704.0","107,043.0",18
2011,Netherlands,2.99,18.6,82.40,70.40,76.4,5,38.880,1,"1,424.4","304,320.0","8,108.0","30,111.0","35,642.0","10,105.0","34,858.0","51,378.0","3,395.0","12,357.0","9,431.0","108,935.0",17.8
2012,Netherlands,1.93,17.6,82.30,71.00,76.6,5.8,38.340,1,"1,446.6","305,275.0","7,475.0","29,086.0","35,346.0","9,882.0","34,351.0","53,208.0","3,627.0","12,549.0","9,103.0","110,648.0",16.9
2013,Netherlands,1.96,16.6,81.10,70.60,75.9,7.3,38.180,1,"1,469.4","307,259.0","7,503.0","28,335.0","35,178.0","9,939.0","34,261.0","53,180.0","3,699.0","12,968.0","8,933.0","113,263.0",15.7
2014,Netherlands,1.45,16.2,81.10,69.70,75.4,7.4,38.580,1,"1,485.6","307,182.0","7,288.0","27,655.0","35,629.0","9,359.0","35,051.0","53,596.0","3,418.0","12,548.0","8,442.0","114,196.0",15.2
2015,Netherlands,0.69,16.1,81.90,70.80,76.4,6.9,39.170,1,"1,501.8","307,826.0","7,708.0","26,517.0","36,121.0","9,368.0","34,832.0","54,926.0","2,783.0","13,153.0","8,375.0","114,043.0",15.3
2016,Netherlands,0.29,15.6,82.60,71.60,77.1,6,39.810,1,"1,524.6","308,695.0","8,015.0","27,753.0","36,940.0","10,077.0","31,840.0","53,393.0","2,469.0","13,483.0","8,576.0","116,149.0",14.8
2017,Netherlands,0.52,15.1,83.30,72.80,78.0,4.9,40.730,1,"1,551.6","313,333.0","8,531.0","28,132.0","37,802.0","10,230.0","31,192.0","55,946.0","2,106.0","13,353.0","8,710.0","117,331.0",14.4
2018,Netherlands,0.58,14.7,84.30,74.20,79.2,3.8,41.450,1,"1,578","327,365.0","9,074.0","29,687.0","39,102.0","11,039.0","32,984.0","59,204.0","2,552.0","14,318.0","9,283.0","120,122.0",14.2
2007,Portugal,4.42,8.5,79.10,66.30,72.5,8.1,17.230,1,470.17,"78,112.9","2,059.0","7,320.5","10,309.7","1,079.4","12,447.8","12,493.7","1,219.0","3,178.0","1,907.6","26,098.2",NA
2008,Portugal,4.52,9.2,79.40,67.10,73.1,7.7,17.260,1,497,"81,206.5","2,118.9","6,966.7","10,684.6","1,167.9","13,289.6","13,077.6","1,365.6","3,280.5","2,031.7","27,223.3",NA
2009,Portugal,4.21,10.0,76.40,66.10,71.1,9.6,16.710,1,525,"88,099.4","2,519.3","8,335.6","11,408.7","1,075.9","13,352.9","14,089.2","1,438.3","3,605.5","2,142.6","30,131.4",NA
2010,Portugal,5.40,12.8,75.40,65.60,70.3,11,16.990,1,554.17,"93,215.6","3,420.4","11,477.1","12,086.0","1,330.9","13,534.1","13,431.7","1,007.5","3,584.2","2,157.5","31,186.0",NA
2011,Portugal,10.24,12.9,73.20,64.60,68.8,12.9,16.720,1,565.83,"88,088.3","2,181.4","7,950.9","10,794.8","1,254.1","15,755.4","12,248.9",776.2,"3,480.2","2,036.7","31,609.7",NA
2012,Portugal,10.55,15.0,69.80,63.00,66.3,15.8,16.110,1,565.83,"82,277.8","1,873.3","6,755.1","9,055.2","1,060.2","15,626.8","11,149.6",771.3,"3,124.2","1,788.1","31,074.0",NA
2013,Portugal,6.29,13.3,68.70,62.30,65.4,16.4,16.050,1,565.83,"85,112.3","1,878.6","6,408.1","9,329.3","1,130.3","16,088.4","11,073.4",828.6,"3,495.0","1,761.1","33,119.2",NA
2014,Portugal,3.75,14.9,71.30,64.20,67.6,14.1,16.260,1,565.83,"89,529.6","1,816.6","12,105.1","9,188.3","1,030.5","15,917.9","10,887.8",850.5,"3,288.1","1,555.9","32,889.0",NA
2015,Portugal,2.42,16.0,72.60,65.90,69.1,12.6,16.620,1,589.17,"86,707.4","1,835.2","8,890.8","9,134.4","1,084.5","15,766.7","11,066.9",855.7,"3,331.5","1,499.1","33,242.7",NA
2016,Portugal,3.17,13.9,74.20,67.40,70.6,11.2,17.010,1,618.33,"83,534.7","1,592.4","5,907.3","8,897.3","1,061.0","15,345.0","11,387.8",782.5,"3,324.2","1,568.6","33,668.7",NA
2017,Portugal,3.05,10.8,77.30,69.80,73.4,9,17.650,1,649.83,"88,904.2","1,720.1","10,328.4","8,980.6","1,185.5","14,899.1","12,240.6",863.8,"3,336.9","1,644.2","33,705.2",NA
2018,Portugal,1.84,8.9,78.90,72.10,75.4,7.1,18.190,1,676.67,"88,606.0","1,688.5","7,721.3","9,265.7","1,312.6","14,991.2","12,851.9",933.4,"3,343.1","1,661.9","34,836.5",NA
2007,Slovakia,4.49,23.6,76.00,58.70,67.2,11.1,11.960,1,220.71,"20,496.6",462.7,"2,389.8","2,056.6",415.6,"2,292.8","3,486.1",371.6,"1,255.4",463.7,"7,302.4",22.7
2008,Slovakia,4.72,20.9,77.40,60.30,68.8,9.5,12.600,1,241.19,"24,452.6",515.5,"3,013.9","2,435.9",517.4,"2,744.5","4,511.2",409.3,"1,507.8",577.7,"8,219.5",20.4
2009,Slovakia,4.71,21.9,74.60,58.20,66.4,12,11.890,1,295.5,"28,463.3",591.2,"3,399.8","2,869.2",574.2,"3,681.9","4,745.4",512.0,"1,738.9",689.6,"9,660.8",21.7
2010,Slovakia,3.87,19.6,71.90,57.40,64.6,14.4,12.560,1,307.7,"28,737.0",612.0,"3,158.3","3,033.9",585.6,"3,201.8","5,028.2",526.4,"1,598.4",697.2,"10,295.2",19.6
2011,Slovakia,4.45,20.1,72.50,57.40,65.0,13.6,12.990,1,317,"29,513.0",646.4,"3,546.1","2,997.1",553.7,"3,493.8","4,986.0",546.9,"1,636.4",701.6,"10,405.1",19.9
2012,Slovakia,4.55,20.8,72.80,57.30,65.1,14,13.220,1,327,"30,103.0",648.5,"3,521.4","2,888.1",627.4,"3,575.6","5,102.7",431.7,"1,678.3",726.5,"10,902.9",20.8
2013,Slovakia,3.19,18.8,72.20,57.80,65.0,14.2,13.290,1,337.7,"31,441.1",660.3,"3,469.1","3,001.9",637.3,"4,168.7","5,193.7",392.7,"1,900.9",706.4,"11,310.1",18.7
2014,Slovakia,2.07,19.7,73.20,58.60,65.9,13.2,13.630,1,352,"33,008.9",753.5,"4,665.9","3,081.3",611.2,"4,224.0","5,437.2",386.2,"1,776.8",644.6,"11,428.4",19.8
2015,Slovakia,0.89,19.7,75.00,60.30,67.7,11.5,14.270,1,380,"36,492.4",696.2,"6,201.7","3,331.9",740.4,"4,772.0","5,698.5",543.4,"1,997.1",787.3,"11,723.8",19.8
2016,Slovakia,0.54,19.2,76.90,62.70,69.8,9.7,14.550,1,405,"34,593.2",704.5,"4,887.4","3,129.6",597.2,"4,081.0","6,058.0",399.1,"1,987.2",656.3,"12,092.9",19
2017,Slovakia,0.92,20.1,77.50,64.70,71.1,8.1,14.980,1,435,"35,083.0",822.2,"4,592.8","3,294.7",668.3,"4,351.5","6,099.9",390.1,"1,825.2",722.5,"12,315.9",19.9
2018,Slovakia,0.89,19.8,79.20,65.50,72.4,6.5,15.520,1,480,"37,520.8",927.2,"4,959.2","3,557.1",717.5,"4,493.0","6,560.9",480.4,"2,002.6",949.5,"12,873.4",19.7
2007,Slovenia,4.53,5.0,77.50,67.10,72.4,4.9,18.570,1,521.8,"15,225.3",485.5,"1,464.9","2,067.6",263.4,"1,917.0","2,082.1",206.9,592.0,431.9,"5,714.0",4.9
2008,Slovenia,4.61,4.1,77.40,68.50,73.0,4.4,19.190,1,538.53,"17,086.5",535.6,"1,823.4","2,294.7",293.6,"1,961.6","2,343.7",300.9,647.0,627.1,"6,258.9",4.1
2009,Slovenia,4.38,-0.9,75.60,67.90,71.9,5.9,17.570,1,589.19,"17,895.8",557.0,"1,789.2","2,402.5",321.6,"2,052.0","2,513.7",287.9,664.1,639.9,"6,667.9",-0.3
2010,Slovenia,3.83,0.9,74.00,66.50,70.3,7.3,17.750,1,597.43,"18,245.9",545.3,"1,887.2","2,363.5",241.1,"1,974.5","2,495.1",252.8,683.1,807.6,"6,995.9",0.7
2011,Slovenia,4.97,3.3,71.80,64.80,68.4,8.2,17.870,1,748.1,"18,846.7",429.0,"2,158.9","2,376.6",294.5,"2,124.5","2,591.7",235.5,675.6,694.0,"7,266.4",2.8
2012,Slovenia,5.81,4.5,71.80,64.60,68.3,8.9,17.360,1,763.06,"17,892.6",388.0,"1,661.9","2,323.3",275.0,"2,088.2","2,512.1",273.2,629.0,672.0,"7,070.0",4.4
2013,Slovenia,5.81,6.3,71.20,63.00,67.2,10.1,17.160,1,783.66,"21,970.0",349.2,"5,535.7","2,354.0",272.4,"2,281.8","2,474.4",268.1,658.9,645.8,"7,129.9",5.8
2014,Slovenia,3.27,7.0,71.60,63.60,67.7,9.7,17.620,1,789.15,"19,134.1",325.5,"2,386.9","2,252.2",370.1,"2,717.0","2,442.3",331.0,620.0,616.2,"7,072.9",6.6
2015,Slovenia,1.71,8.2,73.30,64.70,69.1,9,17.990,1,790.73,"18,925.3",332.0,"2,301.4","2,168.7",403.9,"2,579.8","2,591.9",222.2,607.3,614.8,"7,103.4",7.6
2016,Slovenia,1.15,8.1,73.30,66.70,70.1,8,18.550,1,790.73,"18,662.2",378.0,"1,882.0","2,243.4",227.8,"2,660.4","2,709.6",161.2,688.5,579.6,"7,131.7",7.8
2017,Slovenia,0.96,8.4,76.90,69.70,73.4,6.6,19.430,1,804.96,"18,940.9",384.3,"1,843.8","2,333.7",194.7,"2,507.2","2,853.3",207.6,690.1,593.2,"7,332.9",8
2018,Slovenia,0.93,9.3,79.00,71.70,75.4,5.1,20.220,1,842.79,"19,924.9",443.1,"2,140.0","2,471.5",243.4,"2,447.2","3,001.5",200.2,706.0,647.0,"7,625.2",9
2007,Spain,4.31,18.1,80.60,58.60,69.7,8.2,24.380,1,665.7,"422,204.0","10,818.0","57,657.0","43,316.0","10,813.0","53,385.0","61,280.0","9,878.0","20,064.0","16,878.0","138,115.0",NA
2008,Spain,4.37,16.1,77.90,58.90,68.5,11.3,24.200,1,700,"459,823.0","11,244.0","61,239.0","47,026.0","10,925.0","57,229.0","67,344.0","11,868.0","21,730.0","18,061.0","153,157.0",15.4
2009,Spain,3.98,16.7,71.00,56.80,64.0,17.9,23.100,1,728,"494,355.0","10,946.0","62,081.0","49,671.0","11,562.0","60,930.0","72,997.0","14,018.0","21,954.0","17,503.0","172,693.0",15.8
2010,Spain,4.25,16.2,69.20,56.30,62.8,19.9,23.040,1,738.85,"493,815.0","11,283.0","62,803.0","48,489.0","11,701.0","60,275.0","71,136.0","7,612.0","23,165.0","17,698.0","179,653.0",15.3
2011,Spain,5.44,17.6,67.70,56.10,62.0,21.4,22.770,1,748.3,"490,976.0","11,155.0","60,366.0","47,118.0","10,597.0","66,545.0","69,306.0","6,122.0","23,016.0","16,041.0","180,710.0",16.8
2012,Spain,5.85,18.7,64.60,54.60,59.6,24.8,22.080,1,748.3,"501,688.0","9,695.0","82,142.0","43,286.0","9,897.0","68,830.0","64,734.0","5,886.0","21,019.0","12,496.0","183,703.0",17.8
2013,Spain,4.56,17.8,63.40,53.80,58.6,26.1,21.840,1,752.85,"467,649.0","9,877.0","46,589.0","42,106.0","9,105.0","74,023.0","63,347.0","4,740.0","20,870.0","11,674.0","185,318.0",17.2
2014,Spain,2.72,14.9,65.00,54.80,59.9,24.5,22.210,1,752.85,"465,650.0","8,950.0","45,579.0","42,552.0","9,444.0","72,665.0","63,507.0","5,223.0","20,681.0","11,791.0","185,258.0",14
2015,Spain,1.73,14.1,67.60,56.40,62.0,22.1,23.080,1,756.7,"472,962.0","10,416.0","47,261.0","44,390.0","9,700.0","69,801.0","66,489.0","5,628.0","21,761.0","12,436.0","185,080.0",12.9
2016,Spain,1.39,14.8,69.60,58.10,63.9,19.6,23.760,1,764.4,"472,733.0","10,888.0","43,162.0","45,333.0","9,676.0","68,203.0","67,724.0","4,979.0","21,204.0","12,325.0","189,239.0",13.8
2017,Spain,1.56,13.5,71.50,59.60,65.5,17.2,24.430,1,825.65,"478,669.0","10,374.0","44,850.0","46,449.0","10,173.0","64,592.0","69,312.0","5,154.0","21,251.0","12,803.0","193,711.0",12.6
2018,Spain,1.42,11.9,73.10,61.00,67.0,15.3,24.910,1,858.55,"501,497.0","10,283.0","48,909.0","48,095.0","10,604.0","67,705.0","72,017.0","5,418.0","21,997.0","13,353.0","203,116.0",11.2